--remove unprintable characters from title
CREATE TEMP TABLE transformed.articleCleaned AS
SELECT id, cleanString(title) title,cleanString(name) AS name,cleanString(brand) AS brand,cleanString(size) as SIZE, packagesize,amount, cleanString(unit) AS unit, url, category
FROM CRAWLED.ARTICLE;


--manually generated tables
CREATE TABLE transformed.unit (
    name text NOT NULL
);
INSERT INTO transformed.unit ("name") VALUES ('mm');
INSERT INTO transformed.unit ("name") VALUES ('cl');
INSERT INTO transformed.unit ("name") VALUES ('cm');
INSERT INTO transformed.unit ("name") VALUES ('Anwendungen');
INSERT INTO transformed.unit ("name") VALUES ('WL');
INSERT INTO transformed.unit ("name") VALUES ('ml');
INSERT INTO transformed.unit ("name") VALUES ('g');
INSERT INTO transformed.unit ("name") VALUES ('l');
INSERT INTO transformed.unit ("name") VALUES ('m');
INSERT INTO transformed.unit ("name") VALUES ('Stk');
INSERT INTO transformed.unit ("name") VALUES ('kg');
INSERT INTO transformed.unit ("name") VALUES ('Paar');

CREATE TABLE unit_translation (
    alias text NOT NULL,
    unit text NOT NULL
);
INSERT INTO transformed.unit_translation (alias,unit) VALUES ('Beutel','Stk');
INSERT INTO transformed.unit_translation (alias,unit) VALUES ('Blatt','Stk');
INSERT INTO transformed.unit_translation (alias,unit) VALUES ('Kapseln','Stk');
INSERT INTO transformed.unit_translation (alias,unit) VALUES ('Klöße','Stk');
INSERT INTO transformed.unit_translation (alias,unit) VALUES ('Riegel, ','Stk');
INSERT INTO transformed.unit_translation (alias,unit) VALUES ('Röhrchen','Stk');
INSERT INTO transformed.unit_translation (alias,unit) VALUES ('Schoten','Stk');
INSERT INTO transformed.unit_translation (alias,unit) VALUES ('St.','Stk');
INSERT INTO transformed.unit_translation (alias,unit) VALUES ('Stk.','Stk');
INSERT INTO transformed.unit_translation (alias,unit) VALUES ('Stück','Stk');
INSERT INTO transformed.unit_translation (alias,unit) VALUES ('Stück, ','Stk');
INSERT INTO transformed.unit_translation (alias,unit) VALUES ('Taco-Shells','Stk');
INSERT INTO transformed.unit_translation (alias,unit) VALUES ('Tücher','Stk');
INSERT INTO transformed.unit_translation (alias,unit) VALUES ('Tüllen','Stk');
INSERT INTO transformed.unit_translation (alias,unit) VALUES ('stück','Stk');
INSERT INTO transformed.unit_translation (alias,unit) VALUES ('Liter','l');
INSERT INTO transformed.unit_translation (alias,unit) VALUES ('Ltr','l');
INSERT INTO transformed.unit_translation (alias,unit) VALUES ('ltr PET','l');
INSERT INTO transformed.unit_translation (alias,unit) VALUES ('ltr.','l');
INSERT INTO transformed.unit_translation (alias,unit) VALUES ('Gramm','g');
INSERT INTO transformed.unit_translation (alias,unit) VALUES ('Meter','m');
INSERT INTO transformed.unit_translation (alias,unit) VALUES ('Milliliter','ml');
INSERT INTO transformed.unit_translation (alias,unit) VALUES ('Halter','Stk');
INSERT INTO transformed.unit_translation (alias,unit) VALUES ('Kartuschen','Stk');
INSERT INTO transformed.unit_translation (alias,unit) VALUES ('Kerzen','Stk');
INSERT INTO transformed.unit_translation (alias,unit) VALUES ('er','Stk');
INSERT INTO transformed.unit_translation (alias,unit) VALUES ('Pads','Stk');
INSERT INTO transformed.unit_translation (alias,unit) VALUES ('ltr','l');
INSERT INTO transformed.unit_translation (alias,unit) VALUES ('Riegel','Stk');
INSERT INTO transformed.unit_translation (alias,unit) VALUES ('Bl','Stk');
INSERT INTO transformed.unit_translation (alias,unit) VALUES ('Bratpapiere','Stk');
INSERT INTO transformed.unit_translation (alias,unit) VALUES ('Dragees','Stk');
INSERT INTO transformed.unit_translation (alias,unit) VALUES ('Streifen','Stk');
INSERT INTO transformed.unit_translation (alias,unit) VALUES ('Pk','Stk');
INSERT INTO transformed.unit_translation (alias,unit) VALUES ('alkoholgehalt','l');
INSERT INTO transformed.unit_translation (alias,unit) VALUES ('Rolle','Stk');
INSERT INTO transformed.unit_translation (alias,unit) VALUES ('Rollen','Stk');
INSERT INTO transformed.unit_translation (alias,unit) VALUES ('Scheiben','Stk');
INSERT INTO transformed.unit_translation (alias,unit) VALUES ('Unterlagen','Stk');
INSERT INTO transformed.unit_translation (alias,unit) VALUES ('Waschladungen','WL');
INSERT INTO transformed.unit_translation (alias,unit) VALUES ('Waschladung','WL');
INSERT INTO transformed.unit_translation (alias,unit) VALUES ('SIM','Stk');
INSERT INTO transformed.unit_translation (alias,unit) VALUES ('Spülgänge','Anwendungen');
INSERT INTO transformed.unit_translation (alias,unit) VALUES ('St','Stk');
INSERT INTO transformed.unit_translation (alias,unit) VALUES ('Kilogramm','kg');
INSERT INTO transformed.unit_translation (alias,unit) VALUES ('G','g');
INSERT INTO transformed.unit_translation (alias,unit) VALUES ('KG','kg');
INSERT INTO transformed.unit_translation (alias,unit) VALUES ('kg','kg');
INSERT INTO transformed.unit_translation (alias,unit) VALUES ('ML','ml');
INSERT INTO transformed.unit_translation (alias,unit) VALUES ('Ml','ml');
INSERT INTO transformed.unit_translation (alias,unit) VALUES ('M','m');
INSERT INTO transformed.unit_translation (alias,unit) VALUES ('ST','Stk');
INSERT INTO transformed.unit_translation (alias,unit) VALUES ('L','l');
INSERT INTO transformed.unit_translation (alias,unit) VALUES ('WL','Anwendungen');

CREATE TABLE brandl (
    brand text
);

INSERT INTO brandl (brand) VALUES ('');
INSERT INTO brandl (brand) VALUES ('28 Black');
INSERT INTO brandl (brand) VALUES ('3 Glocken');
INSERT INTO brandl (brand) VALUES ('5,0 Original');
INSERT INTO brandl (brand) VALUES ('7 Days');
INSERT INTO brandl (brand) VALUES ('8in1');
INSERT INTO brandl (brand) VALUES ('8x4');
INSERT INTO brandl (brand) VALUES ('ASTRADA');
INSERT INTO brandl (brand) VALUES ('Abbelen');
INSERT INTO brandl (brand) VALUES ('Abraham');
INSERT INTO brandl (brand) VALUES ('Abrazo');
INSERT INTO brandl (brand) VALUES ('Absolut');
INSERT INTO brandl (brand) VALUES ('Abtei');
INSERT INTO brandl (brand) VALUES ('Academia Barilla');
INSERT INTO brandl (brand) VALUES ('Ace');
INSERT INTO brandl (brand) VALUES ('Adelholzener');
INSERT INTO brandl (brand) VALUES ('Adidas');
INSERT INTO brandl (brand) VALUES ('Adler');
INSERT INTO brandl (brand) VALUES ('Aegidius');
INSERT INTO brandl (brand) VALUES ('Aeroxon');
INSERT INTO brandl (brand) VALUES ('Afri Cola');
INSERT INTO brandl (brand) VALUES ('After Eight');
INSERT INTO brandl (brand) VALUES ('Aggenstein');
INSERT INTO brandl (brand) VALUES ('Agrarfrost');
INSERT INTO brandl (brand) VALUES ('Ahama');
INSERT INTO brandl (brand) VALUES ('Air Wick');
INSERT INTO brandl (brand) VALUES ('Ajax');
INSERT INTO brandl (brand) VALUES ('Ajona');
INSERT INTO brandl (brand) VALUES ('Aktien Zwick''l');
INSERT INTO brandl (brand) VALUES ('Albi');
INSERT INTO brandl (brand) VALUES ('Aldente');
INSERT INTO brandl (brand) VALUES ('Alete');
INSERT INTO brandl (brand) VALUES ('Alibrianza');
INSERT INTO brandl (brand) VALUES ('Almdudler');
INSERT INTO brandl (brand) VALUES ('Almette');
INSERT INTO brandl (brand) VALUES ('Almondy');
INSERT INTO brandl (brand) VALUES ('Alnavit');
INSERT INTO brandl (brand) VALUES ('Alpecin');
INSERT INTO brandl (brand) VALUES ('Alpenhain');
INSERT INTO brandl (brand) VALUES ('Alpha Noble');
INSERT INTO brandl (brand) VALUES ('Alpia');
INSERT INTO brandl (brand) VALUES ('Alpro');
INSERT INTO brandl (brand) VALUES ('Alsan');
INSERT INTO brandl (brand) VALUES ('Alt-Mecklenburger');
INSERT INTO brandl (brand) VALUES ('Alte Hochstädter');
INSERT INTO brandl (brand) VALUES ('Altenburger');
INSERT INTO brandl (brand) VALUES ('Althues');
INSERT INTO brandl (brand) VALUES ('Always');
INSERT INTO brandl (brand) VALUES ('Amarula');
INSERT INTO brandl (brand) VALUES ('Amecke');
INSERT INTO brandl (brand) VALUES ('Amicelli');
INSERT INTO brandl (brand) VALUES ('Andechser Natur');
INSERT INTO brandl (brand) VALUES ('Antech');
INSERT INTO brandl (brand) VALUES ('Antikal');
INSERT INTO brandl (brand) VALUES ('Antonutti');
INSERT INTO brandl (brand) VALUES ('Aoste');
INSERT INTO brandl (brand) VALUES ('Aperol');
INSERT INTO brandl (brand) VALUES ('Apollinaris');
INSERT INTO brandl (brand) VALUES ('Apostels');
INSERT INTO brandl (brand) VALUES ('Appel');
INSERT INTO brandl (brand) VALUES ('Appenzeller');
INSERT INTO brandl (brand) VALUES ('Aptamil');
INSERT INTO brandl (brand) VALUES ('Aqua Fee');
INSERT INTO brandl (brand) VALUES ('Aqua Hero');
INSERT INTO brandl (brand) VALUES ('Aquasale');
INSERT INTO brandl (brand) VALUES ('Aquintus');
INSERT INTO brandl (brand) VALUES ('Aquintéll');
INSERT INTO brandl (brand) VALUES ('Arcale');
INSERT INTO brandl (brand) VALUES ('Ardbeg');
INSERT INTO brandl (brand) VALUES ('Ardmore');
INSERT INTO brandl (brand) VALUES ('Ardo');
INSERT INTO brandl (brand) VALUES ('Ariel');
INSERT INTO brandl (brand) VALUES ('Arizona');
INSERT INTO brandl (brand) VALUES ('Arla');
INSERT INTO brandl (brand) VALUES ('Aromac');
INSERT INTO brandl (brand) VALUES ('Aronal');
INSERT INTO brandl (brand) VALUES ('Aronia Original');
INSERT INTO brandl (brand) VALUES ('Asbach');
INSERT INTO brandl (brand) VALUES ('Aseli');
INSERT INTO brandl (brand) VALUES ('Asmussen');
INSERT INTO brandl (brand) VALUES ('Astra');
INSERT INTO brandl (brand) VALUES ('Augustinerbräu München');
INSERT INTO brandl (brand) VALUES ('Aurora');
INSERT INTO brandl (brand) VALUES ('Autan');
INSERT INTO brandl (brand) VALUES ('Avent');
INSERT INTO brandl (brand) VALUES ('Axe');
INSERT INTO brandl (brand) VALUES ('Azur');
INSERT INTO brandl (brand) VALUES ('Babybel');
INSERT INTO brandl (brand) VALUES ('Bac');
INSERT INTO brandl (brand) VALUES ('Bacardi');
INSERT INTO brandl (brand) VALUES ('Backidee');
INSERT INTO brandl (brand) VALUES ('Bad Liebenwerda');
INSERT INTO brandl (brand) VALUES ('Bad Reichenhaller');
INSERT INTO brandl (brand) VALUES ('Bad Vilbeler Urquelle');
INSERT INTO brandl (brand) VALUES ('Baglio Gibellina');
INSERT INTO brandl (brand) VALUES ('Bahlsen');
INSERT INTO brandl (brand) VALUES ('Baileys');
INSERT INTO brandl (brand) VALUES ('Baktat');
INSERT INTO brandl (brand) VALUES ('Balisto');
INSERT INTO brandl (brand) VALUES ('Ballantine''s Finest');
INSERT INTO brandl (brand) VALUES ('Bamboo Garden');
INSERT INTO brandl (brand) VALUES ('Barefoot');
INSERT INTO brandl (brand) VALUES ('Barilla');
INSERT INTO brandl (brand) VALUES ('Barney''s Best');
INSERT INTO brandl (brand) VALUES ('Barolo');
INSERT INTO brandl (brand) VALUES ('Baron Albert');
INSERT INTO brandl (brand) VALUES ('Baron Philippe de Rothschild');
INSERT INTO brandl (brand) VALUES ('Barton & Guestier');
INSERT INTO brandl (brand) VALUES ('Basiola');
INSERT INTO brandl (brand) VALUES ('Bauer');
INSERT INTO brandl (brand) VALUES ('Bauli');
INSERT INTO brandl (brand) VALUES ('Bautz''ner');
INSERT INTO brandl (brand) VALUES ('Bavaria Waldfrucht');
INSERT INTO brandl (brand) VALUES ('Bavaria blu');
INSERT INTO brandl (brand) VALUES ('Bayernland');
INSERT INTO brandl (brand) VALUES ('Bayreuther Brauhaus');
INSERT INTO brandl (brand) VALUES ('Be Posh');
INSERT INTO brandl (brand) VALUES ('Bebe');
INSERT INTO brandl (brand) VALUES ('Bebivita');
INSERT INTO brandl (brand) VALUES ('Becel');
INSERT INTO brandl (brand) VALUES ('Beck''s');
INSERT INTO brandl (brand) VALUES ('Becker''s Bester');
INSERT INTO brandl (brand) VALUES ('Bel');
INSERT INTO brandl (brand) VALUES ('Belgian Butters');
INSERT INTO brandl (brand) VALUES ('Bella Aura');
INSERT INTO brandl (brand) VALUES ('Bellmira Herbaflor');
INSERT INTO brandl (brand) VALUES ('Belsun');
INSERT INTO brandl (brand) VALUES ('Belvita');
INSERT INTO brandl (brand) VALUES ('Bembel with Care');
INSERT INTO brandl (brand) VALUES ('Ben & Jerry''s');
INSERT INTO brandl (brand) VALUES ('Bensdorp');
INSERT INTO brandl (brand) VALUES ('Berchtesgadener Land');
INSERT INTO brandl (brand) VALUES ('Berentzen');
INSERT INTO brandl (brand) VALUES ('Bergader');
INSERT INTO brandl (brand) VALUES ('Bergisch Pur');
INSERT INTO brandl (brand) VALUES ('Bergische Waldquelle');
INSERT INTO brandl (brand) VALUES ('Berliner Kindl');
INSERT INTO brandl (brand) VALUES ('Berliner Pilsner');
INSERT INTO brandl (brand) VALUES ('Bernard Matthews Oldenburg');
INSERT INTO brandl (brand) VALUES ('Bernbacher');
INSERT INTO brandl (brand) VALUES ('Bertoldi');
INSERT INTO brandl (brand) VALUES ('Bertolli');
INSERT INTO brandl (brand) VALUES ('Bettina Barty');
INSERT INTO brandl (brand) VALUES ('Bettine');
INSERT INTO brandl (brand) VALUES ('Bff');
INSERT INTO brandl (brand) VALUES ('BiFi');
INSERT INTO brandl (brand) VALUES ('Bienenwirtschaft Meissen');
INSERT INTO brandl (brand) VALUES ('Biff');
INSERT INTO brandl (brand) VALUES ('Bihophar');
INSERT INTO brandl (brand) VALUES ('Billy Boy');
INSERT INTO brandl (brand) VALUES ('Binding');
INSERT INTO brandl (brand) VALUES ('Bio Back');
INSERT INTO brandl (brand) VALUES ('Bio Comte A.O.P');
INSERT INTO brandl (brand) VALUES ('Bio Zentrale ');
INSERT INTO brandl (brand) VALUES ('BioGourmet');
INSERT INTO brandl (brand) VALUES ('Bionade');
INSERT INTO brandl (brand) VALUES ('Bionor Culinessa');
INSERT INTO brandl (brand) VALUES ('Biorebe');
INSERT INTO brandl (brand) VALUES ('Biorepair');
INSERT INTO brandl (brand) VALUES ('Birkel');
INSERT INTO brandl (brand) VALUES ('Biscuiterie Charlotte');
INSERT INTO brandl (brand) VALUES ('Biskin');
INSERT INTO brandl (brand) VALUES ('Bitburger');
INSERT INTO brandl (brand) VALUES ('Bizzl');
INSERT INTO brandl (brand) VALUES ('Blaauwklippen Agricultural Estates');
INSERT INTO brandl (brand) VALUES ('Black Cat (EDEKA)');
INSERT INTO brandl (brand) VALUES ('Black Forest');
INSERT INTO brandl (brand) VALUES ('Black Premium');
INSERT INTO brandl (brand) VALUES ('Blanchet');
INSERT INTO brandl (brand) VALUES ('Blauer Bock');
INSERT INTO brandl (brand) VALUES ('Blend-a-dent');
INSERT INTO brandl (brand) VALUES ('Blend-a-med');
INSERT INTO brandl (brand) VALUES ('Blistex');
INSERT INTO brandl (brand) VALUES ('Block House');
INSERT INTO brandl (brand) VALUES ('Blû Prosecco');
INSERT INTO brandl (brand) VALUES ('Bob Martin');
INSERT INTO brandl (brand) VALUES ('Bodega Atamisque');
INSERT INTO brandl (brand) VALUES ('Bodegas Francisco Casas');
INSERT INTO brandl (brand) VALUES ('Bodegas Riovinsa');
INSERT INTO brandl (brand) VALUES ('Bodeta');
INSERT INTO brandl (brand) VALUES ('Bombay');
INSERT INTO brandl (brand) VALUES ('Bonaqa');
INSERT INTO brandl (brand) VALUES ('Bonbel');
INSERT INTO brandl (brand) VALUES ('Bonduelle');
INSERT INTO brandl (brand) VALUES ('Bonifaz');
INSERT INTO brandl (brand) VALUES ('Bonne Cuisine');
INSERT INTO brandl (brand) VALUES ('Bonne Maman');
INSERT INTO brandl (brand) VALUES ('Bontà Divina');
INSERT INTO brandl (brand) VALUES ('Booster');
INSERT INTO brandl (brand) VALUES ('Boris Jelzin');
INSERT INTO brandl (brand) VALUES ('Boscabana');
INSERT INTO brandl (brand) VALUES ('Bounty');
INSERT INTO brandl (brand) VALUES ('Boursin');
INSERT INTO brandl (brand) VALUES ('Brancott Estate ');
INSERT INTO brandl (brand) VALUES ('Brandt');
INSERT INTO brandl (brand) VALUES ('Brauerei Königshof');
INSERT INTO brandl (brand) VALUES ('Brauerei Lübz');
INSERT INTO brandl (brand) VALUES ('Braumeisters');
INSERT INTO brandl (brand) VALUES ('Bref Power');
INSERT INTO brandl (brand) VALUES ('Breitsamer Honig');
INSERT INTO brandl (brand) VALUES ('Bresso');
INSERT INTO brandl (brand) VALUES ('Breznak');
INSERT INTO brandl (brand) VALUES ('Brisk ');
INSERT INTO brandl (brand) VALUES ('Brita');
INSERT INTO brandl (brand) VALUES ('Brooklyn');
INSERT INTO brandl (brand) VALUES ('Bruckmann');
INSERT INTO brandl (brand) VALUES ('Brunch');
INSERT INTO brandl (brand) VALUES ('Brut Dargent');
INSERT INTO brandl (brand) VALUES ('Brändle');
INSERT INTO brandl (brand) VALUES ('Brölio');
INSERT INTO brandl (brand) VALUES ('Brüggen');
INSERT INTO brandl (brand) VALUES ('Budweiser Budvar');
INSERT INTO brandl (brand) VALUES ('Buitoni');
INSERT INTO brandl (brand) VALUES ('Bull''s-Eye');
INSERT INTO brandl (brand) VALUES ('Bullit');
INSERT INTO brandl (brand) VALUES ('Bundaberg');
INSERT INTO brandl (brand) VALUES ('Burg');
INSERT INTO brandl (brand) VALUES ('Burger');
INSERT INTO brandl (brand) VALUES ('Burgwallbronn');
INSERT INTO brandl (brand) VALUES ('Burgwappen');
INSERT INTO brandl (brand) VALUES ('Burti');
INSERT INTO brandl (brand) VALUES ('Bushmills');
INSERT INTO brandl (brand) VALUES ('Buss');
INSERT INTO brandl (brand) VALUES ('Butaris');
INSERT INTO brandl (brand) VALUES ('Byrne Vineyards');
INSERT INTO brandl (brand) VALUES ('Bärenmarke');
INSERT INTO brandl (brand) VALUES ('Bärlauch');
INSERT INTO brandl (brand) VALUES ('Böhme');
INSERT INTO brandl (brand) VALUES ('Böklunder');
INSERT INTO brandl (brand) VALUES ('Börner Eisenacher');
INSERT INTO brandl (brand) VALUES ('Bübchen');
INSERT INTO brandl (brand) VALUES ('Bümag ');
INSERT INTO brandl (brand) VALUES ('Bünting Tee');
INSERT INTO brandl (brand) VALUES ('Bürger');
INSERT INTO brandl (brand) VALUES ('CD');
INSERT INTO brandl (brand) VALUES ('Ca''vive');
INSERT INTO brandl (brand) VALUES ('Cabinet');
INSERT INTO brandl (brand) VALUES ('Cadbury');
INSERT INTO brandl (brand) VALUES ('Calgon');
INSERT INTO brandl (brand) VALUES ('Camelia');
INSERT INTO brandl (brand) VALUES ('Campari');
INSERT INTO brandl (brand) VALUES ('Campina');
INSERT INTO brandl (brand) VALUES ('Campofrio');
INSERT INTO brandl (brand) VALUES ('Cana Rio');
INSERT INTO brandl (brand) VALUES ('Cantina Colli Vicentini');
INSERT INTO brandl (brand) VALUES ('Cantine di Salemi');
INSERT INTO brandl (brand) VALUES ('Caotina');
INSERT INTO brandl (brand) VALUES ('Capri-Sonne');
INSERT INTO brandl (brand) VALUES ('Captain Morgan');
INSERT INTO brandl (brand) VALUES ('Carapelli');
INSERT INTO brandl (brand) VALUES ('Carbonell');
INSERT INTO brandl (brand) VALUES ('Cardhu');
INSERT INTO brandl (brand) VALUES ('Carducci');
INSERT INTO brandl (brand) VALUES ('Carefree');
INSERT INTO brandl (brand) VALUES ('Carlsberg');
INSERT INTO brandl (brand) VALUES ('Carpe Diem');
INSERT INTO brandl (brand) VALUES ('Casa Agricola Alexandre Relvas');
INSERT INTO brandl (brand) VALUES ('Casa Modena');
INSERT INTO brandl (brand) VALUES ('Casa Silva');
INSERT INTO brandl (brand) VALUES ('Cascada');
INSERT INTO brandl (brand) VALUES ('Cascina Radice');
INSERT INTO brandl (brand) VALUES ('Case di Latomie');
INSERT INTO brandl (brand) VALUES ('Casella');
INSERT INTO brandl (brand) VALUES ('Casillero del Diablo');
INSERT INTO brandl (brand) VALUES ('Castel');
INSERT INTO brandl (brand) VALUES ('Castello');
INSERT INTO brandl (brand) VALUES ('Catsan');
INSERT INTO brandl (brand) VALUES ('Cavicchioli');
INSERT INTO brandl (brand) VALUES ('Cavit Trento');
INSERT INTO brandl (brand) VALUES ('Cebe');
INSERT INTO brandl (brand) VALUES ('Cecchi');
INSERT INTO brandl (brand) VALUES ('Celebrations');
INSERT INTO brandl (brand) VALUES ('Cellini');
INSERT INTO brandl (brand) VALUES ('Cera Clen');
INSERT INTO brandl (brand) VALUES ('Cesar');
INSERT INTO brandl (brand) VALUES ('Chantré');
INSERT INTO brandl (brand) VALUES ('Chappi');
INSERT INTO brandl (brand) VALUES ('Chaps');
INSERT INTO brandl (brand) VALUES ('Chavroux');
INSERT INTO brandl (brand) VALUES ('Cheestrings');
INSERT INTO brandl (brand) VALUES ('Chesterfield');
INSERT INTO brandl (brand) VALUES ('Chiemseer');
INSERT INTO brandl (brand) VALUES ('Chio');
INSERT INTO brandl (brand) VALUES ('Chiquita');
INSERT INTO brandl (brand) VALUES ('Chivas Regal');
INSERT INTO brandl (brand) VALUES ('Chocomel');
INSERT INTO brandl (brand) VALUES ('Chovi');
INSERT INTO brandl (brand) VALUES ('Christinen');
INSERT INTO brandl (brand) VALUES ('Chupa Chups');
INSERT INTO brandl (brand) VALUES ('Château Dutruch Grand Poujeaux');
INSERT INTO brandl (brand) VALUES ('Château Haut-Terre-Fort');
INSERT INTO brandl (brand) VALUES ('Château Sabran');
INSERT INTO brandl (brand) VALUES ('Château de Camarsac');
INSERT INTO brandl (brand) VALUES ('Château de Chambert');
INSERT INTO brandl (brand) VALUES ('Cielo e Terra');
INSERT INTO brandl (brand) VALUES ('Ciesseci');
INSERT INTO brandl (brand) VALUES ('Cilia');
INSERT INTO brandl (brand) VALUES ('Cillit Bang');
INSERT INTO brandl (brand) VALUES ('Cinzano');
INSERT INTO brandl (brand) VALUES ('Cirio');
INSERT INTO brandl (brand) VALUES ('Citrovin');
INSERT INTO brandl (brand) VALUES ('Citterio');
INSERT INTO brandl (brand) VALUES ('Clausthaler');
INSERT INTO brandl (brand) VALUES ('Clif Bar');
INSERT INTO brandl (brand) VALUES ('Club Mate');
INSERT INTO brandl (brand) VALUES ('Coburger');
INSERT INTO brandl (brand) VALUES ('Coca-Cola');
INSERT INTO brandl (brand) VALUES ('Coeur de Lion');
INSERT INTO brandl (brand) VALUES ('Coffee & Milk');
INSERT INTO brandl (brand) VALUES ('Cointreau');
INSERT INTO brandl (brand) VALUES ('Colgate');
INSERT INTO brandl (brand) VALUES ('Compeed');
INSERT INTO brandl (brand) VALUES ('Conditorei Coppenrath & Wiese');
INSERT INTO brandl (brand) VALUES ('Contado');
INSERT INTO brandl (brand) VALUES ('Conte Maresco');
INSERT INTO brandl (brand) VALUES ('Continental Bakeries');
INSERT INTO brandl (brand) VALUES ('Contrex');
INSERT INTO brandl (brand) VALUES ('Cooks Love');
INSERT INTO brandl (brand) VALUES ('Coppenrath');
INSERT INTO brandl (brand) VALUES ('Coral');
INSERT INTO brandl (brand) VALUES ('Corega');
INSERT INTO brandl (brand) VALUES ('Cornetto');
INSERT INTO brandl (brand) VALUES ('Corny');
INSERT INTO brandl (brand) VALUES ('Corona');
INSERT INTO brandl (brand) VALUES ('Corsaire');
INSERT INTO brandl (brand) VALUES ('Corte Marzago');
INSERT INTO brandl (brand) VALUES ('Cosmea');
INSERT INTO brandl (brand) VALUES ('Costa');
INSERT INTO brandl (brand) VALUES ('Cotes de Provence');
INSERT INTO brandl (brand) VALUES ('Coto Pardo Crianza');
INSERT INTO brandl (brand) VALUES ('Cottonelle');
INSERT INTO brandl (brand) VALUES ('Cour du Roy');
INSERT INTO brandl (brand) VALUES ('Coviñas');
INSERT INTO brandl (brand) VALUES ('Cremissimo');
INSERT INTO brandl (brand) VALUES ('Croustipate');
INSERT INTO brandl (brand) VALUES ('Crown Yard');
INSERT INTO brandl (brand) VALUES ('Cuvee Angelique');
INSERT INTO brandl (brand) VALUES ('D''Amati Terre Siciliane');
INSERT INTO brandl (brand) VALUES ('Dahlhoff Feinkost');
INSERT INTO brandl (brand) VALUES ('Daim');
INSERT INTO brandl (brand) VALUES ('Dalli');
INSERT INTO brandl (brand) VALUES ('Dallmayr');
INSERT INTO brandl (brand) VALUES ('Dalwhinnie');
INSERT INTO brandl (brand) VALUES ('Dan Cake');
INSERT INTO brandl (brand) VALUES ('Dan Klorix');
INSERT INTO brandl (brand) VALUES ('DanKlorix');
INSERT INTO brandl (brand) VALUES ('Danaeg');
INSERT INTO brandl (brand) VALUES ('Danke');
INSERT INTO brandl (brand) VALUES ('Danone');
INSERT INTO brandl (brand) VALUES ('Das Beste vom Lande');
INSERT INTO brandl (brand) VALUES ('Davert');
INSERT INTO brandl (brand) VALUES ('Davidoff');
INSERT INTO brandl (brand) VALUES ('Davita');
INSERT INTO brandl (brand) VALUES ('De Beukelaer');
INSERT INTO brandl (brand) VALUES ('De Cecco');
INSERT INTO brandl (brand) VALUES ('Dean''s');
INSERT INTO brandl (brand) VALUES ('Degro');
INSERT INTO brandl (brand) VALUES ('Deit');
INSERT INTO brandl (brand) VALUES ('Dekoback');
INSERT INTO brandl (brand) VALUES ('Dekorativ Demmler');
INSERT INTO brandl (brand) VALUES ('Del Monte');
INSERT INTO brandl (brand) VALUES ('Delaforce');
INSERT INTO brandl (brand) VALUES ('Deli Reform');
INSERT INTO brandl (brand) VALUES ('Demak Up');
INSERT INTO brandl (brand) VALUES ('Dentagard');
INSERT INTO brandl (brand) VALUES ('Der General');
INSERT INTO brandl (brand) VALUES ('Der Hesse von der Bergstrasse');
INSERT INTO brandl (brand) VALUES ('Der grüne Altenburger');
INSERT INTO brandl (brand) VALUES ('Dermaris');
INSERT INTO brandl (brand) VALUES ('Desperados');
INSERT INTO brandl (brand) VALUES ('Deutsche See Fischmanufaktur');
INSERT INTO brandl (brand) VALUES ('Deutsches Weintor');
INSERT INTO brandl (brand) VALUES ('Develey');
INSERT INTO brandl (brand) VALUES ('Dextro Energy');
INSERT INTO brandl (brand) VALUES ('Diamant');
INSERT INTO brandl (brand) VALUES ('Die Thüringer');
INSERT INTO brandl (brand) VALUES ('Die Weinmacher');
INSERT INTO brandl (brand) VALUES ('Dimple');
INSERT INTO brandl (brand) VALUES ('Dinkel Max');
INSERT INTO brandl (brand) VALUES ('Dithmarscher');
INSERT INTO brandl (brand) VALUES ('Ditsch');
INSERT INTO brandl (brand) VALUES ('Do la Mancha');
INSERT INTO brandl (brand) VALUES ('Doc Morris');
INSERT INTO brandl (brand) VALUES ('DocMorris');
INSERT INTO brandl (brand) VALUES ('Domaine Tabordet');
INSERT INTO brandl (brand) VALUES ('Domaine de Beauséjour');
INSERT INTO brandl (brand) VALUES ('Domaine de Belle Mare');
INSERT INTO brandl (brand) VALUES ('Domaine de Pierre Belle');
INSERT INTO brandl (brand) VALUES ('Domal');
INSERT INTO brandl (brand) VALUES ('Domeco de Jarauta');
INSERT INTO brandl (brand) VALUES ('Domestos');
INSERT INTO brandl (brand) VALUES ('Domédictin');
INSERT INTO brandl (brand) VALUES ('Doppelherz');
INSERT INTO brandl (brand) VALUES ('Dorfmühle');
INSERT INTO brandl (brand) VALUES ('Dornfelder');
INSERT INTO brandl (brand) VALUES ('Dortmunder Union');
INSERT INTO brandl (brand) VALUES ('Dove');
INSERT INTO brandl (brand) VALUES ('Dovgan');
INSERT INTO brandl (brand) VALUES ('Dr Pepper');
INSERT INTO brandl (brand) VALUES ('Dr. Beckmann');
INSERT INTO brandl (brand) VALUES ('Dr. Best');
INSERT INTO brandl (brand) VALUES ('Dr. C. Soldan');
INSERT INTO brandl (brand) VALUES ('Dr. Goerg');
INSERT INTO brandl (brand) VALUES ('Dr. Karg''s');
INSERT INTO brandl (brand) VALUES ('Dr. Oetker');
INSERT INTO brandl (brand) VALUES ('Dr. Quendt');
INSERT INTO brandl (brand) VALUES ('Dr. Schlincks ');
INSERT INTO brandl (brand) VALUES ('Dreamies');
INSERT INTO brandl (brand) VALUES ('Dreesen');
INSERT INTO brandl (brand) VALUES ('Dreiser');
INSERT INTO brandl (brand) VALUES ('Dreistern');
INSERT INTO brandl (brand) VALUES ('Dresdner Essenz');
INSERT INTO brandl (brand) VALUES ('Dreyer');
INSERT INTO brandl (brand) VALUES ('Drifter');
INSERT INTO brandl (brand) VALUES ('Drink fit');
INSERT INTO brandl (brand) VALUES ('Drink soja');
INSERT INTO brandl (brand) VALUES ('Droßdorfer Backwaren');
INSERT INTO brandl (brand) VALUES ('Drum');
INSERT INTO brandl (brand) VALUES ('Du darfst');
INSERT INTO brandl (brand) VALUES ('Dujardin');
INSERT INTO brandl (brand) VALUES ('Dulgon');
INSERT INTO brandl (brand) VALUES ('Duniwell');
INSERT INTO brandl (brand) VALUES ('Durable');
INSERT INTO brandl (brand) VALUES ('Duracell');
INSERT INTO brandl (brand) VALUES ('Durex');
INSERT INTO brandl (brand) VALUES ('Duschdas');
INSERT INTO brandl (brand) VALUES ('Dörffler');
INSERT INTO brandl (brand) VALUES ('EDEKA');
INSERT INTO brandl (brand) VALUES ('EDEKA Antipasti');
INSERT INTO brandl (brand) VALUES ('EDEKA Bio');
INSERT INTO brandl (brand) VALUES ('EDEKA Bio + Vegan');
INSERT INTO brandl (brand) VALUES ('EDEKA ESPANA');
INSERT INTO brandl (brand) VALUES ('EDEKA Italia');
INSERT INTO brandl (brand) VALUES ('EDEKA LA FRANCE');
INSERT INTO brandl (brand) VALUES ('EDEKA Lust auf leicht');
INSERT INTO brandl (brand) VALUES ('EDEKA Premium');
INSERT INTO brandl (brand) VALUES ('EDEKA SELECTION');
INSERT INTO brandl (brand) VALUES ('EDEKA Unsere Heimat');
INSERT INTO brandl (brand) VALUES ('EDEKA Vegan');
INSERT INTO brandl (brand) VALUES ('EDEKA deli');
INSERT INTO brandl (brand) VALUES ('EDEKA elkos');
INSERT INTO brandl (brand) VALUES ('EDEKA mein Bayern');
INSERT INTO brandl (brand) VALUES ('EDEKA zuhause');
INSERT INTO brandl (brand) VALUES ('EM ohne Markenname');
INSERT INTO brandl (brand) VALUES ('Eberswalder');
INSERT INTO brandl (brand) VALUES ('Ebly');
INSERT INTO brandl (brand) VALUES ('Echter Nordhäuser');
INSERT INTO brandl (brand) VALUES ('Eckes');
INSERT INTO brandl (brand) VALUES ('Edding');
INSERT INTO brandl (brand) VALUES ('Edelweiss');
INSERT INTO brandl (brand) VALUES ('Edle Ernte');
INSERT INTO brandl (brand) VALUES ('Effect');
INSERT INTO brandl (brand) VALUES ('Ehrmann');
INSERT INTO brandl (brand) VALUES ('Eierhof');
INSERT INTO brandl (brand) VALUES ('Eisblümerl');
INSERT INTO brandl (brand) VALUES ('El Huique');
INSERT INTO brandl (brand) VALUES ('Elbtal');
INSERT INTO brandl (brand) VALUES ('Elinas');
INSERT INTO brandl (brand) VALUES ('Elisabethen');
INSERT INTO brandl (brand) VALUES ('Elles');
INSERT INTO brandl (brand) VALUES ('Elmex');
INSERT INTO brandl (brand) VALUES ('Elpozo');
INSERT INTO brandl (brand) VALUES ('Em-eukal');
INSERT INTO brandl (brand) VALUES ('Emmi');
INSERT INTO brandl (brand) VALUES ('Emsal');
INSERT INTO brandl (brand) VALUES ('Energizer');
INSERT INTO brandl (brand) VALUES ('Erasco');
INSERT INTO brandl (brand) VALUES ('Erben');
INSERT INTO brandl (brand) VALUES ('Erdal');
INSERT INTO brandl (brand) VALUES ('Erdbär');
INSERT INTO brandl (brand) VALUES ('Erdinger');
INSERT INTO brandl (brand) VALUES ('Erlenhof');
INSERT INTO brandl (brand) VALUES ('Ermitage');
INSERT INTO brandl (brand) VALUES ('Escal');
INSERT INTO brandl (brand) VALUES ('Escoffier');
INSERT INTO brandl (brand) VALUES ('Espiritu de Chile');
INSERT INTO brandl (brand) VALUES ('Esterházy');
INSERT INTO brandl (brand) VALUES ('Eszet');
INSERT INTO brandl (brand) VALUES ('Evian');
INSERT INTO brandl (brand) VALUES ('Exquisa');
INSERT INTO brandl (brand) VALUES ('Exzellent');
INSERT INTO brandl (brand) VALUES ('Eyelike');
INSERT INTO brandl (brand) VALUES ('F6');
INSERT INTO brandl (brand) VALUES ('Fa');
INSERT INTO brandl (brand) VALUES ('Fabbri');
INSERT INTO brandl (brand) VALUES ('Faber');
INSERT INTO brandl (brand) VALUES ('Faber-Castell');
INSERT INTO brandl (brand) VALUES ('Fachwerk');
INSERT INTO brandl (brand) VALUES ('Fage');
INSERT INTO brandl (brand) VALUES ('Fairy');
INSERT INTO brandl (brand) VALUES ('Falken');
INSERT INTO brandl (brand) VALUES ('Familjen Dafgard');
INSERT INTO brandl (brand) VALUES ('Fanta');
INSERT INTO brandl (brand) VALUES ('Farmer''s Snack');
INSERT INTO brandl (brand) VALUES ('Faustino V');
INSERT INTO brandl (brand) VALUES ('Favorit');
INSERT INTO brandl (brand) VALUES ('Faxe');
INSERT INTO brandl (brand) VALUES ('Febreze');
INSERT INTO brandl (brand) VALUES ('Feinkost Dittmann');
INSERT INTO brandl (brand) VALUES ('Feldschlößchen');
INSERT INTO brandl (brand) VALUES ('Felix');
INSERT INTO brandl (brand) VALUES ('Felsensteiner');
INSERT INTO brandl (brand) VALUES ('Ferdi Fuchs');
INSERT INTO brandl (brand) VALUES ('Ferdinand''s');
INSERT INTO brandl (brand) VALUES ('Fernet Branca');
INSERT INTO brandl (brand) VALUES ('Ferrero');
INSERT INTO brandl (brand) VALUES ('Fever-Tree');
INSERT INTO brandl (brand) VALUES ('Filinchen');
INSERT INTO brandl (brand) VALUES ('Finca Las Moras');
INSERT INTO brandl (brand) VALUES ('Finca de la Vega');
INSERT INTO brandl (brand) VALUES ('Finish');
INSERT INTO brandl (brand) VALUES ('Finn Crisp');
INSERT INTO brandl (brand) VALUES ('Finsbury');
INSERT INTO brandl (brand) VALUES ('Fiore');
INSERT INTO brandl (brand) VALUES ('Fish & more');
INSERT INTO brandl (brand) VALUES ('Fit');
INSERT INTO brandl (brand) VALUES ('Fitini');
INSERT INTO brandl (brand) VALUES ('Flensburger');
INSERT INTO brandl (brand) VALUES ('Flic Flac');
INSERT INTO brandl (brand) VALUES ('Flimm');
INSERT INTO brandl (brand) VALUES ('Florena');
INSERT INTO brandl (brand) VALUES ('Florette');
INSERT INTO brandl (brand) VALUES ('Flux');
INSERT INTO brandl (brand) VALUES ('Fol Epi');
INSERT INTO brandl (brand) VALUES ('Followfish');
INSERT INTO brandl (brand) VALUES ('Folonari');
INSERT INTO brandl (brand) VALUES ('Francois Dulac');
INSERT INTO brandl (brand) VALUES ('Franken Brunnen');
INSERT INTO brandl (brand) VALUES ('Frankfurter');
INSERT INTO brandl (brand) VALUES ('Frankonia');
INSERT INTO brandl (brand) VALUES ('Franziskaner');
INSERT INTO brandl (brand) VALUES ('Frascati');
INSERT INTO brandl (brand) VALUES ('Frau Antje');
INSERT INTO brandl (brand) VALUES ('Freeman''s');
INSERT INTO brandl (brand) VALUES ('Freiherr von Schoenaich');
INSERT INTO brandl (brand) VALUES ('Freixenet');
INSERT INTO brandl (brand) VALUES ('Frico');
INSERT INTO brandl (brand) VALUES ('Frisch-aktiv');
INSERT INTO brandl (brand) VALUES ('Fritz');
INSERT INTO brandl (brand) VALUES ('Friweika');
INSERT INTO brandl (brand) VALUES ('Frolic');
INSERT INTO brandl (brand) VALUES ('Frosch');
INSERT INTO brandl (brand) VALUES ('Frosta');
INSERT INTO brandl (brand) VALUES ('Frozen Butcher');
INSERT INTO brandl (brand) VALUES ('Fruchttiger');
INSERT INTO brandl (brand) VALUES ('Fruit King');
INSERT INTO brandl (brand) VALUES ('Fruity');
INSERT INTO brandl (brand) VALUES ('Früh');
INSERT INTO brandl (brand) VALUES ('Fuchs');
INSERT INTO brandl (brand) VALUES ('Fuego');
INSERT INTO brandl (brand) VALUES ('Funny-frisch');
INSERT INTO brandl (brand) VALUES ('Förstina-Sprudel');
INSERT INTO brandl (brand) VALUES ('Fürst Bismarck');
INSERT INTO brandl (brand) VALUES ('Fürst von Metternich');
INSERT INTO brandl (brand) VALUES ('Fürstenhof');
INSERT INTO brandl (brand) VALUES ('GUT&GÜNSTIG');
INSERT INTO brandl (brand) VALUES ('GWF');
INSERT INTO brandl (brand) VALUES ('Gab');
INSERT INTO brandl (brand) VALUES ('Gadeschi');
INSERT INTO brandl (brand) VALUES ('Gaea');
INSERT INTO brandl (brand) VALUES ('Gaffel');
INSERT INTO brandl (brand) VALUES ('Gaggli');
INSERT INTO brandl (brand) VALUES ('Galant');
INSERT INTO brandl (brand) VALUES ('Galbani');
INSERT INTO brandl (brand) VALUES ('Gallo');
INSERT INTO brandl (brand) VALUES ('Gard');
INSERT INTO brandl (brand) VALUES ('Garden Gourmet');
INSERT INTO brandl (brand) VALUES ('Garnier');
INSERT INTO brandl (brand) VALUES ('Garofalo');
INSERT INTO brandl (brand) VALUES ('Gastronome');
INSERT INTO brandl (brand) VALUES ('Gauloises');
INSERT INTO brandl (brand) VALUES ('Gazi');
INSERT INTO brandl (brand) VALUES ('Geldermann');
INSERT INTO brandl (brand) VALUES ('Gepa');
INSERT INTO brandl (brand) VALUES ('Germania Brunnen');
INSERT INTO brandl (brand) VALUES ('Germeta');
INSERT INTO brandl (brand) VALUES ('Gerolsteiner');
INSERT INTO brandl (brand) VALUES ('Gerri');
INSERT INTO brandl (brand) VALUES ('Gerstacker');
INSERT INTO brandl (brand) VALUES ('Gervais');
INSERT INTO brandl (brand) VALUES ('Gerzett');
INSERT INTO brandl (brand) VALUES ('Ghiottini');
INSERT INTO brandl (brand) VALUES ('Giacomo');
INSERT INTO brandl (brand) VALUES ('Gilden');
INSERT INTO brandl (brand) VALUES ('Gille');
INSERT INTO brandl (brand) VALUES ('Gillette');
INSERT INTO brandl (brand) VALUES ('Giolano');
INSERT INTO brandl (brand) VALUES ('Giotto');
INSERT INTO brandl (brand) VALUES ('Gizeh');
INSERT INTO brandl (brand) VALUES ('Glade');
INSERT INTO brandl (brand) VALUES ('Glam');
INSERT INTO brandl (brand) VALUES ('Glenfiddich');
INSERT INTO brandl (brand) VALUES ('Glengrant');
INSERT INTO brandl (brand) VALUES ('Glenmorangie');
INSERT INTO brandl (brand) VALUES ('Glockenbrot');
INSERT INTO brandl (brand) VALUES ('Glögg');
INSERT INTO brandl (brand) VALUES ('Glücksklee');
INSERT INTO brandl (brand) VALUES ('Gmyrek');
INSERT INTO brandl (brand) VALUES ('Gold 12');
INSERT INTO brandl (brand) VALUES ('Golden Kaan');
INSERT INTO brandl (brand) VALUES ('Golden Temple');
INSERT INTO brandl (brand) VALUES ('Golden Toast');
INSERT INTO brandl (brand) VALUES ('Goldene Aue');
INSERT INTO brandl (brand) VALUES ('Goldmalz');
INSERT INTO brandl (brand) VALUES ('Goldmännchen-Tee');
INSERT INTO brandl (brand) VALUES ('Goldsteig');
INSERT INTO brandl (brand) VALUES ('Gordon''s');
INSERT INTO brandl (brand) VALUES ('Gorilla');
INSERT INTO brandl (brand) VALUES ('Gosch');
INSERT INTO brandl (brand) VALUES ('Gourmet');
INSERT INTO brandl (brand) VALUES ('Gourmet d''Alsace');
INSERT INTO brandl (brand) VALUES ('Govinda');
INSERT INTO brandl (brand) VALUES ('Grabower');
INSERT INTO brandl (brand) VALUES ('Graeger');
INSERT INTO brandl (brand) VALUES ('Graf Rudolf');
INSERT INTO brandl (brand) VALUES ('Graf von Wackerbarth');
INSERT INTO brandl (brand) VALUES ('Grana Padano');
INSERT INTO brandl (brand) VALUES ('Grand Plaisir');
INSERT INTO brandl (brand) VALUES ('Grand Sud');
INSERT INTO brandl (brand) VALUES ('Grand Verdier');
INSERT INTO brandl (brand) VALUES ('Grands Vins du Saint Chinian');
INSERT INTO brandl (brand) VALUES ('Granini');
INSERT INTO brandl (brand) VALUES ('Grant''s');
INSERT INTO brandl (brand) VALUES ('Grasovka');
INSERT INTO brandl (brand) VALUES ('Greco');
INSERT INTO brandl (brand) VALUES ('Green Excellence');
INSERT INTO brandl (brand) VALUES ('Green Mark');
INSERT INTO brandl (brand) VALUES ('Greizer');
INSERT INTO brandl (brand) VALUES ('Grevensteiner');
INSERT INTO brandl (brand) VALUES ('Gries');
INSERT INTO brandl (brand) VALUES ('Griesson');
INSERT INTO brandl (brand) VALUES ('Grignano');
INSERT INTO brandl (brand) VALUES ('Grissitalia');
INSERT INTO brandl (brand) VALUES ('Grünländer');
INSERT INTO brandl (brand) VALUES ('Guarana Antarctica');
INSERT INTO brandl (brand) VALUES ('Guhl');
INSERT INTO brandl (brand) VALUES ('Guinness');
INSERT INTO brandl (brand) VALUES ('Gutes aus der Eifel');
INSERT INTO brandl (brand) VALUES ('Gutfried');
INSERT INTO brandl (brand) VALUES ('Géramont');
INSERT INTO brandl (brand) VALUES ('Gü');
INSERT INTO brandl (brand) VALUES ('Günther');
INSERT INTO brandl (brand) VALUES ('HB');
INSERT INTO brandl (brand) VALUES ('HP');
INSERT INTO brandl (brand) VALUES ('HXM');
INSERT INTO brandl (brand) VALUES ('Hacker-Pschorr');
INSERT INTO brandl (brand) VALUES ('Hag');
INSERT INTO brandl (brand) VALUES ('Hakle');
INSERT INTO brandl (brand) VALUES ('Hamker');
INSERT INTO brandl (brand) VALUES ('Handl Tyrol');
INSERT INTO brandl (brand) VALUES ('Handsan');
INSERT INTO brandl (brand) VALUES ('Hans Freitag');
INSERT INTO brandl (brand) VALUES ('Hans Grötsch');
INSERT INTO brandl (brand) VALUES ('Hansano');
INSERT INTO brandl (brand) VALUES ('Hansaplast');
INSERT INTO brandl (brand) VALUES ('Hanuta');
INSERT INTO brandl (brand) VALUES ('Hardenberg');
INSERT INTO brandl (brand) VALUES ('Hareico');
INSERT INTO brandl (brand) VALUES ('Haribo');
INSERT INTO brandl (brand) VALUES ('Harry');
INSERT INTO brandl (brand) VALUES ('Harzbube');
INSERT INTO brandl (brand) VALUES ('Hasseröder');
INSERT INTO brandl (brand) VALUES ('Hassia');
INSERT INTO brandl (brand) VALUES ('Havana Club');
INSERT INTO brandl (brand) VALUES ('Hawesta');
INSERT INTO brandl (brand) VALUES ('Head & Shoulders');
INSERT INTO brandl (brand) VALUES ('Heichelheimer');
INSERT INTO brandl (brand) VALUES ('Heidemetzger');
INSERT INTO brandl (brand) VALUES ('Heidsieck & Co. ');
INSERT INTO brandl (brand) VALUES ('Heineken');
INSERT INTO brandl (brand) VALUES ('Heinrich Stumpf');
INSERT INTO brandl (brand) VALUES ('Heinrich Vollmer');
INSERT INTO brandl (brand) VALUES ('Heinz');
INSERT INTO brandl (brand) VALUES ('Heinz Wille');
INSERT INTO brandl (brand) VALUES ('Heitmann');
INSERT INTO brandl (brand) VALUES ('Hela');
INSERT INTO brandl (brand) VALUES ('Helbing');
INSERT INTO brandl (brand) VALUES ('Hell');
INSERT INTO brandl (brand) VALUES ('Hella');
INSERT INTO brandl (brand) VALUES ('Hellema');
INSERT INTO brandl (brand) VALUES ('Henglein');
INSERT INTO brandl (brand) VALUES ('Hengstenberg');
INSERT INTO brandl (brand) VALUES ('Hennessy');
INSERT INTO brandl (brand) VALUES ('Heppinger');
INSERT INTO brandl (brand) VALUES ('Herbacin');
INSERT INTO brandl (brand) VALUES ('Herbal Essences');
INSERT INTO brandl (brand) VALUES ('Herlitz');
INSERT INTO brandl (brand) VALUES ('Herta');
INSERT INTO brandl (brand) VALUES ('Herza');
INSERT INTO brandl (brand) VALUES ('Hidrofugal');
INSERT INTO brandl (brand) VALUES ('Hig');
INSERT INTO brandl (brand) VALUES ('Hig Hagemann');
INSERT INTO brandl (brand) VALUES ('High Mountains');
INSERT INTO brandl (brand) VALUES ('Highland Park');
INSERT INTO brandl (brand) VALUES ('Hipp');
INSERT INTO brandl (brand) VALUES ('Hirschquelle');
INSERT INTO brandl (brand) VALUES ('Hitchcock');
INSERT INTO brandl (brand) VALUES ('Hitschler');
INSERT INTO brandl (brand) VALUES ('Hochland');
INSERT INTO brandl (brand) VALUES ('Hoffmanns');
INSERT INTO brandl (brand) VALUES ('Hohes C');
INSERT INTO brandl (brand) VALUES ('Holste');
INSERT INTO brandl (brand) VALUES ('Holsten');
INSERT INTO brandl (brand) VALUES ('Homann');
INSERT INTO brandl (brand) VALUES ('Hoppe');
INSERT INTO brandl (brand) VALUES ('Horbräu München');
INSERT INTO brandl (brand) VALUES ('Hosti');
INSERT INTO brandl (brand) VALUES ('Houdek');
INSERT INTO brandl (brand) VALUES ('Hubauer');
INSERT INTO brandl (brand) VALUES ('Huggies');
INSERT INTO brandl (brand) VALUES ('Huober');
INSERT INTO brandl (brand) VALUES ('Hâttric');
INSERT INTO brandl (brand) VALUES ('Häagen-Dazs');
INSERT INTO brandl (brand) VALUES ('Hähnlein');
INSERT INTO brandl (brand) VALUES ('Händlmaier''s');
INSERT INTO brandl (brand) VALUES ('Höhl');
INSERT INTO brandl (brand) VALUES ('Ibis');
INSERT INTO brandl (brand) VALUES ('Ice Age Ice');
INSERT INTO brandl (brand) VALUES ('Iglo');
INSERT INTO brandl (brand) VALUES ('Igor');
INSERT INTO brandl (brand) VALUES ('Il Tauro');
INSERT INTO brandl (brand) VALUES ('Ileburger');
INSERT INTO brandl (brand) VALUES ('Illy');
INSERT INTO brandl (brand) VALUES ('Immergut');
INSERT INTO brandl (brand) VALUES ('Impraegnol');
INSERT INTO brandl (brand) VALUES ('Impresan');
INSERT INTO brandl (brand) VALUES ('Impulse');
INSERT INTO brandl (brand) VALUES ('Indonesia');
INSERT INTO brandl (brand) VALUES ('Innocent');
INSERT INTO brandl (brand) VALUES ('Ireco');
INSERT INTO brandl (brand) VALUES ('Irish Land');
INSERT INTO brandl (brand) VALUES ('Island Bay');
INSERT INTO brandl (brand) VALUES ('Ithemba');
INSERT INTO brandl (brand) VALUES ('J | Hettinger');
INSERT INTO brandl (brand) VALUES ('J.J. Darboven');
INSERT INTO brandl (brand) VALUES ('J.P. Chanet');
INSERT INTO brandl (brand) VALUES ('JPS');
INSERT INTO brandl (brand) VALUES ('Jack Daniel''s');
INSERT INTO brandl (brand) VALUES ('Jacobs');
INSERT INTO brandl (brand) VALUES ('Jagdfürst');
INSERT INTO brandl (brand) VALUES ('Jahnke');
INSERT INTO brandl (brand) VALUES ('Jakordia');
INSERT INTO brandl (brand) VALUES ('Jameson');
INSERT INTO brandl (brand) VALUES ('Jean Durup');
INSERT INTO brandl (brand) VALUES ('Jensen''s');
INSERT INTO brandl (brand) VALUES ('Jermi Käseria');
INSERT INTO brandl (brand) VALUES ('Jesús del Perdón');
INSERT INTO brandl (brand) VALUES ('Jever');
INSERT INTO brandl (brand) VALUES ('Jim Beam');
INSERT INTO brandl (brand) VALUES ('Jive');
INSERT INTO brandl (brand) VALUES ('Johnnie Walker');
INSERT INTO brandl (brand) VALUES ('Joka');
INSERT INTO brandl (brand) VALUES ('Jose Miguel');
INSERT INTO brandl (brand) VALUES ('Juan Ramón Lozano');
INSERT INTO brandl (brand) VALUES ('Jules Mumm');
INSERT INTO brandl (brand) VALUES ('Jägermeister');
INSERT INTO brandl (brand) VALUES ('Jürgen von der Mark');
INSERT INTO brandl (brand) VALUES ('KCB');
INSERT INTO brandl (brand) VALUES ('Kaba');
INSERT INTO brandl (brand) VALUES ('Kaiser');
INSERT INTO brandl (brand) VALUES ('Kaiser-Natron');
INSERT INTO brandl (brand) VALUES ('Kajnok');
INSERT INTO brandl (brand) VALUES ('Kaliskaya');
INSERT INTO brandl (brand) VALUES ('Kalnik');
INSERT INTO brandl (brand) VALUES ('Kamill');
INSERT INTO brandl (brand) VALUES ('Kandi Malz');
INSERT INTO brandl (brand) VALUES ('Kangaroo Ridge');
INSERT INTO brandl (brand) VALUES ('Kapuziner');
INSERT INTO brandl (brand) VALUES ('Karamalz');
INSERT INTO brandl (brand) VALUES ('Karina');
INSERT INTO brandl (brand) VALUES ('Karlsberg');
INSERT INTO brandl (brand) VALUES ('Kartoffelland');
INSERT INTO brandl (brand) VALUES ('Kathi');
INSERT INTO brandl (brand) VALUES ('Katjes');
INSERT INTO brandl (brand) VALUES ('Katlenburger');
INSERT INTO brandl (brand) VALUES ('Kato');
INSERT INTO brandl (brand) VALUES ('Kattus');
INSERT INTO brandl (brand) VALUES ('Kaufmanns');
INSERT INTO brandl (brand) VALUES ('Kellogg''s');
INSERT INTO brandl (brand) VALUES ('Kelterei Heil');
INSERT INTO brandl (brand) VALUES ('Kemm');
INSERT INTO brandl (brand) VALUES ('Kerner Riesling');
INSERT INTO brandl (brand) VALUES ('Kerrygold');
INSERT INTO brandl (brand) VALUES ('Kikkoman');
INSERT INTO brandl (brand) VALUES ('Kilikanoon');
INSERT INTO brandl (brand) VALUES ('Kilkenny');
INSERT INTO brandl (brand) VALUES ('Killepitsch');
INSERT INTO brandl (brand) VALUES ('Kinder');
INSERT INTO brandl (brand) VALUES ('King Cuisine');
INSERT INTO brandl (brand) VALUES ('Kiri');
INSERT INTO brandl (brand) VALUES ('Kirsch Porter');
INSERT INTO brandl (brand) VALUES ('KitchenAid');
INSERT INTO brandl (brand) VALUES ('Kitekat');
INSERT INTO brandl (brand) VALUES ('Kithara');
INSERT INTO brandl (brand) VALUES ('Klax');
INSERT INTO brandl (brand) VALUES ('Kleehof');
INSERT INTO brandl (brand) VALUES ('Kleenex');
INSERT INTO brandl (brand) VALUES ('Kleinemas');
INSERT INTO brandl (brand) VALUES ('Kleiner Feigling');
INSERT INTO brandl (brand) VALUES ('Kloster Andechs');
INSERT INTO brandl (brand) VALUES ('Kloster Eberbach');
INSERT INTO brandl (brand) VALUES ('Kloster Scheyern');
INSERT INTO brandl (brand) VALUES ('Klosterfrau');
INSERT INTO brandl (brand) VALUES ('Kluth');
INSERT INTO brandl (brand) VALUES ('Knack&Back');
INSERT INTO brandl (brand) VALUES ('Kneipp');
INSERT INTO brandl (brand) VALUES ('Knorr');
INSERT INTO brandl (brand) VALUES ('Koawach');
INSERT INTO brandl (brand) VALUES ('Koch''s');
INSERT INTO brandl (brand) VALUES ('Kochhaus');
INSERT INTO brandl (brand) VALUES ('Kraft');
INSERT INTO brandl (brand) VALUES ('Kri Kri Yogood');
INSERT INTO brandl (brand) VALUES ('Krimskoye');
INSERT INTO brandl (brand) VALUES ('Krombacher');
INSERT INTO brandl (brand) VALUES ('Krone');
INSERT INTO brandl (brand) VALUES ('Kronenhof');
INSERT INTO brandl (brand) VALUES ('Krumbach');
INSERT INTO brandl (brand) VALUES ('Krusovice');
INSERT INTO brandl (brand) VALUES ('Krüger');
INSERT INTO brandl (brand) VALUES ('Krügerol');
INSERT INTO brandl (brand) VALUES ('Kuchenmeister');
INSERT INTO brandl (brand) VALUES ('Kuemmerling');
INSERT INTO brandl (brand) VALUES ('Kukident');
INSERT INTO brandl (brand) VALUES ('Kukis');
INSERT INTO brandl (brand) VALUES ('Kunella Feinkost');
INSERT INTO brandl (brand) VALUES ('Kunzmann Weinkellerei');
INSERT INTO brandl (brand) VALUES ('Kupferberg');
INSERT INTO brandl (brand) VALUES ('Kuschelweich');
INSERT INTO brandl (brand) VALUES ('Käfer');
INSERT INTO brandl (brand) VALUES ('Kärntnermilch');
INSERT INTO brandl (brand) VALUES ('Käserebellen');
INSERT INTO brandl (brand) VALUES ('Käserei Champignon');
INSERT INTO brandl (brand) VALUES ('Kölln');
INSERT INTO brandl (brand) VALUES ('König Ludwig');
INSERT INTO brandl (brand) VALUES ('König Pilsener');
INSERT INTO brandl (brand) VALUES ('Körfez');
INSERT INTO brandl (brand) VALUES ('Köstritzer');
INSERT INTO brandl (brand) VALUES ('Küchenbrüder');
INSERT INTO brandl (brand) VALUES ('Küchenmeister');
INSERT INTO brandl (brand) VALUES ('Küchenpracht');
INSERT INTO brandl (brand) VALUES ('Küchle');
INSERT INTO brandl (brand) VALUES ('Kühne');
INSERT INTO brandl (brand) VALUES ('L & S Feingebäck International');
INSERT INTO brandl (brand) VALUES ('L&M');
INSERT INTO brandl (brand) VALUES ('L''Oréal Paris');
INSERT INTO brandl (brand) VALUES ('L''Union des Vignerons');
INSERT INTO brandl (brand) VALUES ('La Baume');
INSERT INTO brandl (brand) VALUES ('La Colonata');
INSERT INTO brandl (brand) VALUES ('La Espanola');
INSERT INTO brandl (brand) VALUES ('La Gioiosa');
INSERT INTO brandl (brand) VALUES ('La Mancha');
INSERT INTO brandl (brand) VALUES ('La Perla');
INSERT INTO brandl (brand) VALUES ('La Tourelle de Pigoudet');
INSERT INTO brandl (brand) VALUES ('La Trappe');
INSERT INTO brandl (brand) VALUES ('La Umbra');
INSERT INTO brandl (brand) VALUES ('LaCheteau');
INSERT INTO brandl (brand) VALUES ('Labello');
INSERT INTO brandl (brand) VALUES ('Lacroix');
INSERT INTO brandl (brand) VALUES ('Lake Breeze');
INSERT INTO brandl (brand) VALUES ('Lamberti');
INSERT INTO brandl (brand) VALUES ('Lambertz');
INSERT INTO brandl (brand) VALUES ('Lambrusco Puglia');
INSERT INTO brandl (brand) VALUES ('Lamera');
INSERT INTO brandl (brand) VALUES ('Landliebe');
INSERT INTO brandl (brand) VALUES ('Landlust');
INSERT INTO brandl (brand) VALUES ('Landmarkt');
INSERT INTO brandl (brand) VALUES ('Langnese');
INSERT INTO brandl (brand) VALUES ('Laphroaig');
INSERT INTO brandl (brand) VALUES ('Laquai');
INSERT INTO brandl (brand) VALUES ('Larco');
INSERT INTO brandl (brand) VALUES ('Larsini');
INSERT INTO brandl (brand) VALUES ('Laru');
INSERT INTO brandl (brand) VALUES ('Lauffener');
INSERT INTO brandl (brand) VALUES ('Laurenza');
INSERT INTO brandl (brand) VALUES ('Lausitzer');
INSERT INTO brandl (brand) VALUES ('Lavazza');
INSERT INTO brandl (brand) VALUES ('Lawa');
INSERT INTO brandl (brand) VALUES ('Lay''s');
INSERT INTO brandl (brand) VALUES ('Le Filou');
INSERT INTO brandl (brand) VALUES ('Le Flamand');
INSERT INTO brandl (brand) VALUES ('Le Mazet');
INSERT INTO brandl (brand) VALUES ('Le Roselle');
INSERT INTO brandl (brand) VALUES ('Le Rustique');
INSERT INTO brandl (brand) VALUES ('Le Saunier de Camargue');
INSERT INTO brandl (brand) VALUES ('Le Sweet Filou');
INSERT INTO brandl (brand) VALUES ('Leerdammer');
INSERT INTO brandl (brand) VALUES ('Leffe');
INSERT INTO brandl (brand) VALUES ('Leibniz');
INSERT INTO brandl (brand) VALUES ('Leicht & Cross');
INSERT INTO brandl (brand) VALUES ('Leikeim');
INSERT INTO brandl (brand) VALUES ('Leimer');
INSERT INTO brandl (brand) VALUES ('Lemonaid');
INSERT INTO brandl (brand) VALUES ('Lenas Küche');
INSERT INTO brandl (brand) VALUES ('Lenor');
INSERT INTO brandl (brand) VALUES ('Lenz Moser');
INSERT INTO brandl (brand) VALUES ('Les ARÔMES De FRANCE');
INSERT INTO brandl (brand) VALUES ('Leuchtenberg');
INSERT INTO brandl (brand) VALUES ('Libby''s');
INSERT INTO brandl (brand) VALUES ('Licher');
INSERT INTO brandl (brand) VALUES ('Lichtenauer');
INSERT INTO brandl (brand) VALUES ('Licor 43');
INSERT INTO brandl (brand) VALUES ('Liefmans');
INSERT INTO brandl (brand) VALUES ('Lieken Urkorn');
INSERT INTO brandl (brand) VALUES ('Lien Ying');
INSERT INTO brandl (brand) VALUES ('Lift');
INSERT INTO brandl (brand) VALUES ('Light live');
INSERT INTO brandl (brand) VALUES ('Like Meat');
INSERT INTO brandl (brand) VALUES ('Lillet');
INSERT INTO brandl (brand) VALUES ('Limes');
INSERT INTO brandl (brand) VALUES ('Lindavia');
INSERT INTO brandl (brand) VALUES ('Lindeman''s');
INSERT INTO brandl (brand) VALUES ('Lindt');
INSERT INTO brandl (brand) VALUES ('Lipton');
INSERT INTO brandl (brand) VALUES ('Listerine');
INSERT INTO brandl (brand) VALUES ('Litamin');
INSERT INTO brandl (brand) VALUES ('Little Lunch');
INSERT INTO brandl (brand) VALUES ('Livio');
INSERT INTO brandl (brand) VALUES ('Loacker');
INSERT INTO brandl (brand) VALUES ('Lobetaler');
INSERT INTO brandl (brand) VALUES ('Loose');
INSERT INTO brandl (brand) VALUES ('Lorcher');
INSERT INTO brandl (brand) VALUES ('Lord');
INSERT INTO brandl (brand) VALUES ('Lorenz');
INSERT INTO brandl (brand) VALUES ('Los Cántaros');
INSERT INTO brandl (brand) VALUES ('Lotus');
INSERT INTO brandl (brand) VALUES ('Lucky Strike');
INSERT INTO brandl (brand) VALUES ('Lucullus');
INSERT INTO brandl (brand) VALUES ('Luigi Francoli');
INSERT INTO brandl (brand) VALUES ('Lukull');
INSERT INTO brandl (brand) VALUES ('Luna');
INSERT INTO brandl (brand) VALUES ('Lutter & Wegner');
INSERT INTO brandl (brand) VALUES ('Lutz');
INSERT INTO brandl (brand) VALUES ('Luvat');
INSERT INTO brandl (brand) VALUES ('Lux');
INSERT INTO brandl (brand) VALUES ('Lycka');
INSERT INTO brandl (brand) VALUES ('Lysell');
INSERT INTO brandl (brand) VALUES ('Lätta');
INSERT INTO brandl (brand) VALUES ('Lörch');
INSERT INTO brandl (brand) VALUES ('Löwenbräu');
INSERT INTO brandl (brand) VALUES ('Löwensenf');
INSERT INTO brandl (brand) VALUES ('Lünebest');
INSERT INTO brandl (brand) VALUES ('MM Extra');
INSERT INTO brandl (brand) VALUES ('Maggi');
INSERT INTO brandl (brand) VALUES ('Magnum');
INSERT INTO brandl (brand) VALUES ('Maille');
INSERT INTO brandl (brand) VALUES ('Maisel''s Weisse');
INSERT INTO brandl (brand) VALUES ('Maker''s Mark');
INSERT INTO brandl (brand) VALUES ('Mamma Lucia');
INSERT INTO brandl (brand) VALUES ('Mangaroca');
INSERT INTO brandl (brand) VALUES ('Manner');
INSERT INTO brandl (brand) VALUES ('Marabou');
INSERT INTO brandl (brand) VALUES ('Marathon');
INSERT INTO brandl (brand) VALUES ('Mariacron');
INSERT INTO brandl (brand) VALUES ('Mark Brandenburg');
INSERT INTO brandl (brand) VALUES ('Markgräfler');
INSERT INTO brandl (brand) VALUES ('Marlboro');
INSERT INTO brandl (brand) VALUES ('Mars');
INSERT INTO brandl (brand) VALUES ('Martin Schongauer');
INSERT INTO brandl (brand) VALUES ('Martini');
INSERT INTO brandl (brand) VALUES ('Maryland');
INSERT INTO brandl (brand) VALUES ('Matilde');
INSERT INTO brandl (brand) VALUES ('Matiss');
INSERT INTO brandl (brand) VALUES ('Matithor');
INSERT INTO brandl (brand) VALUES ('Mattoni');
INSERT INTO brandl (brand) VALUES ('Maurer');
INSERT INTO brandl (brand) VALUES ('Mautner Markhof');
INSERT INTO brandl (brand) VALUES ('Max & Moritz Feinkost');
INSERT INTO brandl (brand) VALUES ('Maximal G');
INSERT INTO brandl (brand) VALUES ('Maxwell House');
INSERT INTO brandl (brand) VALUES ('Maya');
INSERT INTO brandl (brand) VALUES ('Maybach');
INSERT INTO brandl (brand) VALUES ('Maybelline');
INSERT INTO brandl (brand) VALUES ('Mayka');
INSERT INTO brandl (brand) VALUES ('Mayo Feinkost');
INSERT INTO brandl (brand) VALUES ('Mazola');
INSERT INTO brandl (brand) VALUES ('Mazzetti');
INSERT INTO brandl (brand) VALUES ('Mc Donald''s');
INSERT INTO brandl (brand) VALUES ('Mc Intyre');
INSERT INTO brandl (brand) VALUES ('McCain');
INSERT INTO brandl (brand) VALUES ('McVitie''s');
INSERT INTO brandl (brand) VALUES ('Mecklenburger Küche');
INSERT INTO brandl (brand) VALUES ('MedFood');
INSERT INTO brandl (brand) VALUES ('Meggle');
INSERT INTO brandl (brand) VALUES ('Mehler');
INSERT INTO brandl (brand) VALUES ('Mehlzauber');
INSERT INTO brandl (brand) VALUES ('Meica');
INSERT INTO brandl (brand) VALUES ('Meister Proper');
INSERT INTO brandl (brand) VALUES ('Meisterklasse');
INSERT INTO brandl (brand) VALUES ('Mekkafood');
INSERT INTO brandl (brand) VALUES ('Melitta');
INSERT INTO brandl (brand) VALUES ('Mentos');
INSERT INTO brandl (brand) VALUES ('Merano Speck');
INSERT INTO brandl (brand) VALUES ('Merba');
INSERT INTO brandl (brand) VALUES ('Meridol');
INSERT INTO brandl (brand) VALUES ('Merl');
INSERT INTO brandl (brand) VALUES ('Merziger');
INSERT INTO brandl (brand) VALUES ('Mestemacher');
INSERT INTO brandl (brand) VALUES ('Metaxa');
INSERT INTO brandl (brand) VALUES ('Metten');
INSERT INTO brandl (brand) VALUES ('Mexican Style');
INSERT INTO brandl (brand) VALUES ('Mezzo Mix');
INSERT INTO brandl (brand) VALUES ('Meßmer');
INSERT INTO brandl (brand) VALUES ('Microplane');
INSERT INTO brandl (brand) VALUES ('Mikado');
INSERT INTO brandl (brand) VALUES ('Milena');
INSERT INTO brandl (brand) VALUES ('Milenium');
INSERT INTO brandl (brand) VALUES ('Milford');
INSERT INTO brandl (brand) VALUES ('Milka');
INSERT INTO brandl (brand) VALUES ('Milkana');
INSERT INTO brandl (brand) VALUES ('Milky Way');
INSERT INTO brandl (brand) VALUES ('Milram');
INSERT INTO brandl (brand) VALUES ('Milupa');
INSERT INTO brandl (brand) VALUES ('MinusL');
INSERT INTO brandl (brand) VALUES ('Minuto');
INSERT INTO brandl (brand) VALUES ('Mio Mio');
INSERT INTO brandl (brand) VALUES ('Mionetto');
INSERT INTO brandl (brand) VALUES ('Miracel Whip');
INSERT INTO brandl (brand) VALUES ('Miree');
INSERT INTO brandl (brand) VALUES ('Mirácoli');
INSERT INTO brandl (brand) VALUES ('Moet & Chandon');
INSERT INTO brandl (brand) VALUES ('Mon Chéri');
INSERT INTO brandl (brand) VALUES ('Mona');
INSERT INTO brandl (brand) VALUES ('Mondamin');
INSERT INTO brandl (brand) VALUES ('Monkey 47');
INSERT INTO brandl (brand) VALUES ('Monster');
INSERT INTO brandl (brand) VALUES ('Montalto');
INSERT INTO brandl (brand) VALUES ('Montgolfier');
INSERT INTO brandl (brand) VALUES ('Monti');
INSERT INTO brandl (brand) VALUES ('Moritz');
INSERT INTO brandl (brand) VALUES ('Moselland');
INSERT INTO brandl (brand) VALUES ('Moskovskaya');
INSERT INTO brandl (brand) VALUES ('Moxxa');
INSERT INTO brandl (brand) VALUES ('Mozzarella');
INSERT INTO brandl (brand) VALUES ('Mr Muscle');
INSERT INTO brandl (brand) VALUES ('Muh');
INSERT INTO brandl (brand) VALUES ('Mumm & Co.');
INSERT INTO brandl (brand) VALUES ('Mundo de Yuntero');
INSERT INTO brandl (brand) VALUES ('Murnauer Kaffeerösterei');
INSERT INTO brandl (brand) VALUES ('Murola');
INSERT INTO brandl (brand) VALUES ('Mutti');
INSERT INTO brandl (brand) VALUES ('Mymuesli');
INSERT INTO brandl (brand) VALUES ('Mönchshof');
INSERT INTO brandl (brand) VALUES ('Mövenpick');
INSERT INTO brandl (brand) VALUES ('Mühlen Kölsch');
INSERT INTO brandl (brand) VALUES ('Mühlhäuser ');
INSERT INTO brandl (brand) VALUES ('Müller');
INSERT INTO brandl (brand) VALUES ('Müller''s Mühle');
INSERT INTO brandl (brand) VALUES ('Münchner Kindl');
INSERT INTO brandl (brand) VALUES ('Nadler');
INSERT INTO brandl (brand) VALUES ('Naduria');
INSERT INTO brandl (brand) VALUES ('Napoli');
INSERT INTO brandl (brand) VALUES ('Natreen');
INSERT INTO brandl (brand) VALUES ('Natura');
INSERT INTO brandl (brand) VALUES ('Natural American Spirit''');
INSERT INTO brandl (brand) VALUES ('Nature Gourmet');
INSERT INTO brandl (brand) VALUES ('Naturküche');
INSERT INTO brandl (brand) VALUES ('Natürlich');
INSERT INTO brandl (brand) VALUES ('Nederburg');
INSERT INTO brandl (brand) VALUES ('Neiss');
INSERT INTO brandl (brand) VALUES ('Nektarquell');
INSERT INTO brandl (brand) VALUES ('Nenedent');
INSERT INTO brandl (brand) VALUES ('Nescafé');
INSERT INTO brandl (brand) VALUES ('Nestea');
INSERT INTO brandl (brand) VALUES ('Nestlé');
INSERT INTO brandl (brand) VALUES ('Neumarkter Lammsbräu');
INSERT INTO brandl (brand) VALUES ('Neuss & Wilke');
INSERT INTO brandl (brand) VALUES ('Neutrogena');
INSERT INTO brandl (brand) VALUES ('New Amsterdam');
INSERT INTO brandl (brand) VALUES ('Nexa Lotte');
INSERT INTO brandl (brand) VALUES ('Nicolas Napoléon');
INSERT INTO brandl (brand) VALUES ('Nicolet');
INSERT INTO brandl (brand) VALUES ('Nippon');
INSERT INTO brandl (brand) VALUES ('Nissin');
INSERT INTO brandl (brand) VALUES ('Nivea');
INSERT INTO brandl (brand) VALUES ('Noilly Prat');
INSERT INTO brandl (brand) VALUES ('Nord Gold');
INSERT INTO brandl (brand) VALUES ('NordQuell');
INSERT INTO brandl (brand) VALUES ('Nordbrand Nordhausen');
INSERT INTO brandl (brand) VALUES ('Nordsee');
INSERT INTO brandl (brand) VALUES ('Notos');
INSERT INTO brandl (brand) VALUES ('Nuk');
INSERT INTO brandl (brand) VALUES ('Null Null');
INSERT INTO brandl (brand) VALUES ('Nur der');
INSERT INTO brandl (brand) VALUES ('Nur die');
INSERT INTO brandl (brand) VALUES ('Nutella');
INSERT INTO brandl (brand) VALUES ('Nymphenburg');
INSERT INTO brandl (brand) VALUES ('Nürburg Quelle');
INSERT INTO brandl (brand) VALUES ('OCB');
INSERT INTO brandl (brand) VALUES ('Oberland');
INSERT INTO brandl (brand) VALUES ('Obstland Sachsen Obst');
INSERT INTO brandl (brand) VALUES ('Ocean Spray');
INSERT INTO brandl (brand) VALUES ('Odenwald');
INSERT INTO brandl (brand) VALUES ('Odenwald Quelle');
INSERT INTO brandl (brand) VALUES ('Odol');
INSERT INTO brandl (brand) VALUES ('Odol-med3');
INSERT INTO brandl (brand) VALUES ('Oettinger');
INSERT INTO brandl (brand) VALUES ('Olaz');
INSERT INTO brandl (brand) VALUES ('Old Amsterdam');
INSERT INTO brandl (brand) VALUES ('Old El Paso');
INSERT INTO brandl (brand) VALUES ('Old Pascas');
INSERT INTO brandl (brand) VALUES ('Oldesloer');
INSERT INTO brandl (brand) VALUES ('One Nature');
INSERT INTO brandl (brand) VALUES ('Onken');
INSERT INTO brandl (brand) VALUES ('Optiwell');
INSERT INTO brandl (brand) VALUES ('Oral-B');
INSERT INTO brandl (brand) VALUES ('Orangina');
INSERT INTO brandl (brand) VALUES ('Oreo');
INSERT INTO brandl (brand) VALUES ('Organic Farm');
INSERT INTO brandl (brand) VALUES ('Original Grafschafter');
INSERT INTO brandl (brand) VALUES ('Original Turmbräu');
INSERT INTO brandl (brand) VALUES ('Original Wagner');
INSERT INTO brandl (brand) VALUES ('Origo Kaffee');
INSERT INTO brandl (brand) VALUES ('Oro di Parma');
INSERT INTO brandl (brand) VALUES ('Oro-fix');
INSERT INTO brandl (brand) VALUES ('Oryza');
INSERT INTO brandl (brand) VALUES ('Osborne');
INSERT INTO brandl (brand) VALUES ('Osterland');
INSERT INTO brandl (brand) VALUES ('Ostmann');
INSERT INTO brandl (brand) VALUES ('Ouzo 12');
INSERT INTO brandl (brand) VALUES ('Ouzo of Plomari');
INSERT INTO brandl (brand) VALUES ('OverSeas');
INSERT INTO brandl (brand) VALUES ('Ovomaltine');
INSERT INTO brandl (brand) VALUES ('P&W');
INSERT INTO brandl (brand) VALUES ('P. Heumann''s');
INSERT INTO brandl (brand) VALUES ('PE.WE.');
INSERT INTO brandl (brand) VALUES ('Pacific Brace');
INSERT INTO brandl (brand) VALUES ('Paderborner');
INSERT INTO brandl (brand) VALUES ('Pagen');
INSERT INTO brandl (brand) VALUES ('Palestro');
INSERT INTO brandl (brand) VALUES ('Pall Mall');
INSERT INTO brandl (brand) VALUES ('Palmolive');
INSERT INTO brandl (brand) VALUES ('Pampers');
INSERT INTO brandl (brand) VALUES ('Panealba');
INSERT INTO brandl (brand) VALUES ('Panificio Italiano');
INSERT INTO brandl (brand) VALUES ('Pantene Pro-V');
INSERT INTO brandl (brand) VALUES ('Paper and More');
INSERT INTO brandl (brand) VALUES ('Papidoux');
INSERT INTO brandl (brand) VALUES ('Papyrus');
INSERT INTO brandl (brand) VALUES ('Parliament');
INSERT INTO brandl (brand) VALUES ('Parmigiano Reggiano');
INSERT INTO brandl (brand) VALUES ('Parodontax');
INSERT INTO brandl (brand) VALUES ('Pascal Ernest');
INSERT INTO brandl (brand) VALUES ('Pasticceria Italiana');
INSERT INTO brandl (brand) VALUES ('Patros');
INSERT INTO brandl (brand) VALUES ('Paul Delane');
INSERT INTO brandl (brand) VALUES ('Paulaner');
INSERT INTO brandl (brand) VALUES ('Pauly');
INSERT INTO brandl (brand) VALUES ('Paysan Breton');
INSERT INTO brandl (brand) VALUES ('Pedigree');
INSERT INTO brandl (brand) VALUES ('Peka');
INSERT INTO brandl (brand) VALUES ('Pelikan');
INSERT INTO brandl (brand) VALUES ('Pely');
INSERT INTO brandl (brand) VALUES ('Pema');
INSERT INTO brandl (brand) VALUES ('Penaten');
INSERT INTO brandl (brand) VALUES ('PennyPacker');
INSERT INTO brandl (brand) VALUES ('Pepperidge Farm');
INSERT INTO brandl (brand) VALUES ('Pepsi');
INSERT INTO brandl (brand) VALUES ('Perfect Fit');
INSERT INTO brandl (brand) VALUES ('Perlweiss');
INSERT INTO brandl (brand) VALUES ('Persil');
INSERT INTO brandl (brand) VALUES ('Perwoll');
INSERT INTO brandl (brand) VALUES ('Peter & Peter');
INSERT INTO brandl (brand) VALUES ('Peter Stuyvesant');
INSERT INTO brandl (brand) VALUES ('Petrella');
INSERT INTO brandl (brand) VALUES ('Pfanner');
INSERT INTO brandl (brand) VALUES ('Pfanni');
INSERT INTO brandl (brand) VALUES ('Pfennigs');
INSERT INTO brandl (brand) VALUES ('Philadelphia');
INSERT INTO brandl (brand) VALUES ('Piasten');
INSERT INTO brandl (brand) VALUES ('Piccardo & Savore');
INSERT INTO brandl (brand) VALUES ('Pick');
INSERT INTO brandl (brand) VALUES ('Pico');
INSERT INTO brandl (brand) VALUES ('Pietro Corecelli');
INSERT INTO brandl (brand) VALUES ('Pilsator');
INSERT INTO brandl (brand) VALUES ('Pilsner Urquell');
INSERT INTO brandl (brand) VALUES ('Pircher');
INSERT INTO brandl (brand) VALUES ('Pittjes');
INSERT INTO brandl (brand) VALUES ('Pitú');
INSERT INTO brandl (brand) VALUES ('Plant For The Planet');
INSERT INTO brandl (brand) VALUES ('Plantur 39');
INSERT INTO brandl (brand) VALUES ('Playboy');
INSERT INTO brandl (brand) VALUES ('Pluma');
INSERT INTO brandl (brand) VALUES ('Poggio Nibbiale');
INSERT INTO brandl (brand) VALUES ('Polak');
INSERT INTO brandl (brand) VALUES ('Poliboy');
INSERT INTO brandl (brand) VALUES ('Pomito');
INSERT INTO brandl (brand) VALUES ('Ponnath');
INSERT INTO brandl (brand) VALUES ('Popp');
INSERT INTO brandl (brand) VALUES ('Popz');
INSERT INTO brandl (brand) VALUES ('Possmann');
INSERT INTO brandl (brand) VALUES ('Post-it');
INSERT INTO brandl (brand) VALUES ('Pott');
INSERT INTO brandl (brand) VALUES ('Power Horse');
INSERT INTO brandl (brand) VALUES ('Powerade');
INSERT INTO brandl (brand) VALUES ('Pralinées Fines De Belgique');
INSERT INTO brandl (brand) VALUES ('PratoBelli Cantuccini');
INSERT INTO brandl (brand) VALUES ('Praum');
INSERT INTO brandl (brand) VALUES ('Pregnafix');
INSERT INTO brandl (brand) VALUES ('Prestige');
INSERT INTO brandl (brand) VALUES ('Prigge');
INSERT INTO brandl (brand) VALUES ('Pril');
INSERT INTO brandl (brand) VALUES ('Primitivo di Manduria');
INSERT INTO brandl (brand) VALUES ('Pringles');
INSERT INTO brandl (brand) VALUES ('Profish');
INSERT INTO brandl (brand) VALUES ('Pronto');
INSERT INTO brandl (brand) VALUES ('Proviant');
INSERT INTO brandl (brand) VALUES ('Président');
INSERT INTO brandl (brand) VALUES ('Puddis');
INSERT INTO brandl (brand) VALUES ('Pueblo');
INSERT INTO brandl (brand) VALUES ('Pumperlgsund');
INSERT INTO brandl (brand) VALUES ('Purina');
INSERT INTO brandl (brand) VALUES ('Puschkin');
INSERT INTO brandl (brand) VALUES ('Quinta da Raza');
INSERT INTO brandl (brand) VALUES ('Quorn');
INSERT INTO brandl (brand) VALUES ('R1');
INSERT INTO brandl (brand) VALUES ('RATSKRONE');
INSERT INTO brandl (brand) VALUES ('REWE');
INSERT INTO brandl (brand) VALUES ('REWE Beste Wahl');
INSERT INTO brandl (brand) VALUES ('REWE Bio');
INSERT INTO brandl (brand) VALUES ('REWE Feine Welt');
INSERT INTO brandl (brand) VALUES ('REWE Regional');
INSERT INTO brandl (brand) VALUES ('REWE frei von');
INSERT INTO brandl (brand) VALUES ('REWE to go');
INSERT INTO brandl (brand) VALUES ('Radeberger');
INSERT INTO brandl (brand) VALUES ('Raffaello');
INSERT INTO brandl (brand) VALUES ('Raid');
INSERT INTO brandl (brand) VALUES ('Rama');
INSERT INTO brandl (brand) VALUES ('Ramazzotti');
INSERT INTO brandl (brand) VALUES ('Rana');
INSERT INTO brandl (brand) VALUES ('Rapp''s');
INSERT INTO brandl (brand) VALUES ('Rapso');
INSERT INTO brandl (brand) VALUES ('Rasgón');
INSERT INTO brandl (brand) VALUES ('Ratsherrn');
INSERT INTO brandl (brand) VALUES ('Rauch');
INSERT INTO brandl (brand) VALUES ('Ravensberger');
INSERT INTO brandl (brand) VALUES ('Rebenthaler');
INSERT INTO brandl (brand) VALUES ('Record');
INSERT INTO brandl (brand) VALUES ('Red Band');
INSERT INTO brandl (brand) VALUES ('Red Bull');
INSERT INTO brandl (brand) VALUES ('Regina');
INSERT INTO brandl (brand) VALUES ('Rei');
INSERT INTO brandl (brand) VALUES ('Reife Ernte');
INSERT INTO brandl (brand) VALUES ('Reinert');
INSERT INTO brandl (brand) VALUES ('Reinoldus');
INSERT INTO brandl (brand) VALUES ('Reis-fit');
INSERT INTO brandl (brand) VALUES ('Reissdorf');
INSERT INTO brandl (brand) VALUES ('Relentless');
INSERT INTO brandl (brand) VALUES ('Republik Mazedonien');
INSERT INTO brandl (brand) VALUES ('Residenz');
INSERT INTO brandl (brand) VALUES ('Reval');
INSERT INTO brandl (brand) VALUES ('Rexona');
INSERT INTO brandl (brand) VALUES ('Rheila');
INSERT INTO brandl (brand) VALUES ('Rheinberg Kellerei');
INSERT INTO brandl (brand) VALUES ('Rheinfels Quelle');
INSERT INTO brandl (brand) VALUES ('Rhenser');
INSERT INTO brandl (brand) VALUES ('Rhino''s');
INSERT INTO brandl (brand) VALUES ('Rhodius');
INSERT INTO brandl (brand) VALUES ('RhönSprudel');
INSERT INTO brandl (brand) VALUES ('Richmodis');
INSERT INTO brandl (brand) VALUES ('Ricola');
INSERT INTO brandl (brand) VALUES ('Riesa Teigwaren');
INSERT INTO brandl (brand) VALUES ('Rigattieri');
INSERT INTO brandl (brand) VALUES ('Right Guard');
INSERT INTO brandl (brand) VALUES ('Riso Gallo');
INSERT INTO brandl (brand) VALUES ('Ritter Sport');
INSERT INTO brandl (brand) VALUES ('Ritz');
INSERT INTO brandl (brand) VALUES ('Rivella');
INSERT INTO brandl (brand) VALUES ('Rixdorfer');
INSERT INTO brandl (brand) VALUES ('Rockstar');
INSERT INTO brandl (brand) VALUES ('Roland');
INSERT INTO brandl (brand) VALUES ('Rondo');
INSERT INTO brandl (brand) VALUES ('Rorax');
INSERT INTO brandl (brand) VALUES ('Rosbacher');
INSERT INTO brandl (brand) VALUES ('Rose''s');
INSERT INTO brandl (brand) VALUES ('Rosenmehl');
INSERT INTO brandl (brand) VALUES ('Rothaus');
INSERT INTO brandl (brand) VALUES ('Rothschild');
INSERT INTO brandl (brand) VALUES ('Rotkäppchen');
INSERT INTO brandl (brand) VALUES ('Rougette');
INSERT INTO brandl (brand) VALUES ('Royal Oporto');
INSERT INTO brandl (brand) VALUES ('Ruf');
INSERT INTO brandl (brand) VALUES ('Russian Standard');
INSERT INTO brandl (brand) VALUES ('Rustlers');
INSERT INTO brandl (brand) VALUES ('Rémy Martin');
INSERT INTO brandl (brand) VALUES ('Römerwall');
INSERT INTO brandl (brand) VALUES ('Rücker');
INSERT INTO brandl (brand) VALUES ('Rügener Badejunge');
INSERT INTO brandl (brand) VALUES ('Rügener Inselbrauerei');
INSERT INTO brandl (brand) VALUES ('Rügenfisch');
INSERT INTO brandl (brand) VALUES ('Rügenwalder Mühle');
INSERT INTO brandl (brand) VALUES ('SB VielLeicht');
INSERT INTO brandl (brand) VALUES ('SCHLOSS KÖNIGSTEIN');
INSERT INTO brandl (brand) VALUES ('Sachsenland');
INSERT INTO brandl (brand) VALUES ('Saclà');
INSERT INTO brandl (brand) VALUES ('Saeby');
INSERT INTO brandl (brand) VALUES ('Sagrotan');
INSERT INTO brandl (brand) VALUES ('Saint Albray');
INSERT INTO brandl (brand) VALUES ('Salakis');
INSERT INTO brandl (brand) VALUES ('Salatkönig');
INSERT INTO brandl (brand) VALUES ('Salitos');
INSERT INTO brandl (brand) VALUES ('Samba');
INSERT INTO brandl (brand) VALUES ('San Michele a Torri');
INSERT INTO brandl (brand) VALUES ('San Miguel');
INSERT INTO brandl (brand) VALUES ('San Pellegrino');
INSERT INTO brandl (brand) VALUES ('San Sebastiano');
INSERT INTO brandl (brand) VALUES ('Sanella');
INSERT INTO brandl (brand) VALUES ('Sangrita');
INSERT INTO brandl (brand) VALUES ('Sarotti');
INSERT INTO brandl (brand) VALUES ('Sasso');
INSERT INTO brandl (brand) VALUES ('Saupiquet');
INSERT INTO brandl (brand) VALUES ('Schaebens');
INSERT INTO brandl (brand) VALUES ('Schamel');
INSERT INTO brandl (brand) VALUES ('Schapfen Mühle');
INSERT INTO brandl (brand) VALUES ('Scharlachberg');
INSERT INTO brandl (brand) VALUES ('Schilkin');
INSERT INTO brandl (brand) VALUES ('Schladerer');
INSERT INTO brandl (brand) VALUES ('Schloss Böchingen');
INSERT INTO brandl (brand) VALUES ('Schluckwerder');
INSERT INTO brandl (brand) VALUES ('Schmitz');
INSERT INTO brandl (brand) VALUES ('Schneekoppe');
INSERT INTO brandl (brand) VALUES ('Schneider');
INSERT INTO brandl (brand) VALUES ('Schneider Weisse');
INSERT INTO brandl (brand) VALUES ('Schogetten');
INSERT INTO brandl (brand) VALUES ('Scholl');
INSERT INTO brandl (brand) VALUES ('Schulte Feingebäck');
INSERT INTO brandl (brand) VALUES ('Schwarmstedter');
INSERT INTO brandl (brand) VALUES ('Schwartau');
INSERT INTO brandl (brand) VALUES ('Schwarzkopf');
INSERT INTO brandl (brand) VALUES ('Schweizer Bergkäse');
INSERT INTO brandl (brand) VALUES ('Schweppes');
INSERT INTO brandl (brand) VALUES ('Schwip Schwap');
INSERT INTO brandl (brand) VALUES ('Schwälbchen');
INSERT INTO brandl (brand) VALUES ('Schär');
INSERT INTO brandl (brand) VALUES ('Schöfferhofer');
INSERT INTO brandl (brand) VALUES ('Schöller');
INSERT INTO brandl (brand) VALUES ('Scotch-Brite');
INSERT INTO brandl (brand) VALUES ('Scotti');
INSERT INTO brandl (brand) VALUES ('Sebamed');
INSERT INTO brandl (brand) VALUES ('Seeberger');
INSERT INTO brandl (brand) VALUES ('Segafredo Zanetti');
INSERT INTO brandl (brand) VALUES ('Seifried Estate');
INSERT INTO brandl (brand) VALUES ('Seitenbacher');
INSERT INTO brandl (brand) VALUES ('Sel');
INSERT INTO brandl (brand) VALUES ('Selters');
INSERT INTO brandl (brand) VALUES ('Senfter');
INSERT INTO brandl (brand) VALUES ('Senseo');
INSERT INTO brandl (brand) VALUES ('Sensodyne');
INSERT INTO brandl (brand) VALUES ('Seramis');
INSERT INTO brandl (brand) VALUES ('Sester Kölsch');
INSERT INTO brandl (brand) VALUES ('Settele');
INSERT INTO brandl (brand) VALUES ('Seven Oaks');
INSERT INTO brandl (brand) VALUES ('Sheba');
INSERT INTO brandl (brand) VALUES ('Sidol');
INSERT INTO brandl (brand) VALUES ('Sidolin');
INSERT INTO brandl (brand) VALUES ('Sierra Tequila');
INSERT INTO brandl (brand) VALUES ('Signal');
INSERT INTO brandl (brand) VALUES ('Sil');
INSERT INTO brandl (brand) VALUES ('SilberQuelle');
INSERT INTO brandl (brand) VALUES ('Silvaner');
INSERT INTO brandl (brand) VALUES ('Simplicol');
INSERT INTO brandl (brand) VALUES ('Simply V');
INSERT INTO brandl (brand) VALUES ('Sinalco');
INSERT INTO brandl (brand) VALUES ('Sinnack');
INSERT INTO brandl (brand) VALUES ('Sirtakis');
INSERT INTO brandl (brand) VALUES ('Sizilia');
INSERT INTO brandl (brand) VALUES ('Skittles');
INSERT INTO brandl (brand) VALUES ('Skyy Vodka');
INSERT INTO brandl (brand) VALUES ('Smanta');
INSERT INTO brandl (brand) VALUES ('Smirnoff');
INSERT INTO brandl (brand) VALUES ('Snatt''s');
INSERT INTO brandl (brand) VALUES ('Snickers');
INSERT INTO brandl (brand) VALUES ('Wepa');
INSERT INTO brandl (brand) VALUES ('Snyder''s');
INSERT INTO brandl (brand) VALUES ('Softlan');
INSERT INTO brandl (brand) VALUES ('Soja so lecker');
INSERT INTO brandl (brand) VALUES ('Sojola');
INSERT INTO brandl (brand) VALUES ('Solandia');
INSERT INTO brandl (brand) VALUES ('Soliano');
INSERT INTO brandl (brand) VALUES ('Somat');
INSERT INTO brandl (brand) VALUES ('Sonnen Bassermann');
INSERT INTO brandl (brand) VALUES ('Sonnendorfer');
INSERT INTO brandl (brand) VALUES ('Sori');
INSERT INTO brandl (brand) VALUES ('Spa');
INSERT INTO brandl (brand) VALUES ('Specht');
INSERT INTO brandl (brand) VALUES ('Spee');
INSERT INTO brandl (brand) VALUES ('Spezi');
INSERT INTO brandl (brand) VALUES ('Spier');
INSERT INTO brandl (brand) VALUES ('Spreequell');
INSERT INTO brandl (brand) VALUES ('Spreewaldhof');
INSERT INTO brandl (brand) VALUES ('Spreewaldrabe');
INSERT INTO brandl (brand) VALUES ('Sprite');
INSERT INTO brandl (brand) VALUES ('St. Mang');
INSERT INTO brandl (brand) VALUES ('Staatl. Fachingen');
INSERT INTO brandl (brand) VALUES ('Stabilo');
INSERT INTO brandl (brand) VALUES ('Starbucks');
INSERT INTO brandl (brand) VALUES ('Staropramen');
INSERT INTO brandl (brand) VALUES ('Staufen');
INSERT INTO brandl (brand) VALUES ('Steingut');
INSERT INTO brandl (brand) VALUES ('Steinhaus');
INSERT INTO brandl (brand) VALUES ('Steinsieker');
INSERT INTO brandl (brand) VALUES ('Steitz & Beck');
INSERT INTO brandl (brand) VALUES ('Stemmari');
INSERT INTO brandl (brand) VALUES ('Sternburg');
INSERT INTO brandl (brand) VALUES ('Sternenfair');
INSERT INTO brandl (brand) VALUES ('Stick & Lembke');
INSERT INTO brandl (brand) VALUES ('Stockmeyer');
INSERT INTO brandl (brand) VALUES ('Stolle');
INSERT INTO brandl (brand) VALUES ('Stollenwerk');
INSERT INTO brandl (brand) VALUES ('Storck');
INSERT INTO brandl (brand) VALUES ('Strong Coopers Cider');
INSERT INTO brandl (brand) VALUES ('Strothmann');
INSERT INTO brandl (brand) VALUES ('Stührk');
INSERT INTO brandl (brand) VALUES ('Suchard');
INSERT INTO brandl (brand) VALUES ('Sun Rice');
INSERT INTO brandl (brand) VALUES ('Sunil');
INSERT INTO brandl (brand) VALUES ('Suntjens Candyland');
INSERT INTO brandl (brand) VALUES ('Super Barbecue Marshmallows');
INSERT INTO brandl (brand) VALUES ('Surig');
INSERT INTO brandl (brand) VALUES ('Sweet Family');
INSERT INTO brandl (brand) VALUES ('Swiffer');
INSERT INTO brandl (brand) VALUES ('Swirl');
INSERT INTO brandl (brand) VALUES ('Swiss-o-Par');
INSERT INTO brandl (brand) VALUES ('Syoss');
INSERT INTO brandl (brand) VALUES ('Söhnlein Brillant');
INSERT INTO brandl (brand) VALUES ('Südtiroler Weinbauernverband');
INSERT INTO brandl (brand) VALUES ('Südzucker');
INSERT INTO brandl (brand) VALUES ('Sünner Brauerei');
INSERT INTO brandl (brand) VALUES ('T.D. Global Food');
INSERT INTO brandl (brand) VALUES ('Tabasco');
INSERT INTO brandl (brand) VALUES ('Taittinger');
INSERT INTO brandl (brand) VALUES ('Talisker');
INSERT INTO brandl (brand) VALUES ('Tanqueray');
INSERT INTO brandl (brand) VALUES ('Tante Fanny');
INSERT INTO brandl (brand) VALUES ('Tartex');
INSERT INTO brandl (brand) VALUES ('Tassimo');
INSERT INTO brandl (brand) VALUES ('Tavernello');
INSERT INTO brandl (brand) VALUES ('Taylor & Colledge');
INSERT INTO brandl (brand) VALUES ('Teacher''s');
INSERT INTO brandl (brand) VALUES ('TeeFee');
INSERT INTO brandl (brand) VALUES ('Teekanne');
INSERT INTO brandl (brand) VALUES ('Tempo');
INSERT INTO brandl (brand) VALUES ('Tena');
INSERT INTO brandl (brand) VALUES ('Tensimed');
INSERT INTO brandl (brand) VALUES ('Tenuta De Angelis');
INSERT INTO brandl (brand) VALUES ('Terra');
INSERT INTO brandl (brand) VALUES ('Tesa');
INSERT INTO brandl (brand) VALUES ('Testamed');
INSERT INTO brandl (brand) VALUES ('Tetesept');
INSERT INTO brandl (brand) VALUES ('Teutoburger Ölmühle');
INSERT INTO brandl (brand) VALUES ('Thai Chef');
INSERT INTO brandl (brand) VALUES ('The Coconut Collaborative');
INSERT INTO brandl (brand) VALUES ('The Duke');
INSERT INTO brandl (brand) VALUES ('The Glenlivet');
INSERT INTO brandl (brand) VALUES ('Theramed');
INSERT INTO brandl (brand) VALUES ('Thomas Henry');
INSERT INTO brandl (brand) VALUES ('Thomy');
INSERT INTO brandl (brand) VALUES ('Three Sixty');
INSERT INTO brandl (brand) VALUES ('Thüringer Landstolz');
INSERT INTO brandl (brand) VALUES ('Ti');
INSERT INTO brandl (brand) VALUES ('Tic Tac');
INSERT INTO brandl (brand) VALUES ('Tiffany Quick');
INSERT INTO brandl (brand) VALUES ('Tillman''s');
INSERT INTO brandl (brand) VALUES ('Tipp-Ex');
INSERT INTO brandl (brand) VALUES ('Toblerone');
INSERT INTO brandl (brand) VALUES ('Today');
INSERT INTO brandl (brand) VALUES ('Tonoli');
INSERT INTO brandl (brand) VALUES ('Top Mare');
INSERT INTO brandl (brand) VALUES ('Toppits');
INSERT INTO brandl (brand) VALUES ('Torres');
INSERT INTO brandl (brand) VALUES ('Tourbillon');
INSERT INTO brandl (brand) VALUES ('Trolli');
INSERT INTO brandl (brand) VALUES ('Tropicai');
INSERT INTO brandl (brand) VALUES ('True Fruits');
INSERT INTO brandl (brand) VALUES ('Trumpf');
INSERT INTO brandl (brand) VALUES ('Tuborg');
INSERT INTO brandl (brand) VALUES ('Tuffi');
INSERT INTO brandl (brand) VALUES ('Tulip');
INSERT INTO brandl (brand) VALUES ('Tullamore Dew');
INSERT INTO brandl (brand) VALUES ('Twix');
INSERT INTO brandl (brand) VALUES ('Two Oceans');
INSERT INTO brandl (brand) VALUES ('Tyrrell''s');
INSERT INTO brandl (brand) VALUES ('Tyskie');
INSERT INTO brandl (brand) VALUES ('Uhu');
INSERT INTO brandl (brand) VALUES ('Uludag Gazoz');
INSERT INTO brandl (brand) VALUES ('Uncle Ben''s');
INSERT INTO brandl (brand) VALUES ('Underberg');
INSERT INTO brandl (brand) VALUES ('UniWines Vineyards');
INSERT INTO brandl (brand) VALUES ('Unox');
INSERT INTO brandl (brand) VALUES ('Ur-Krostitzer');
INSERT INTO brandl (brand) VALUES ('Vaihinger');
INSERT INTO brandl (brand) VALUES ('Val Duna');
INSERT INTO brandl (brand) VALUES ('Valbrie');
INSERT INTO brandl (brand) VALUES ('Valensina');
INSERT INTO brandl (brand) VALUES ('Valess');
INSERT INTO brandl (brand) VALUES ('Valpolicella');
INSERT INTO brandl (brand) VALUES ('Van Nelle');
INSERT INTO brandl (brand) VALUES ('Vanish');
INSERT INTO brandl (brand) VALUES ('Varta High Energy');
INSERT INTO brandl (brand) VALUES ('Veet');
INSERT INTO brandl (brand) VALUES ('Vegetaria');
INSERT INTO brandl (brand) VALUES ('Veggie Life');
INSERT INTO brandl (brand) VALUES ('Veltins');
INSERT INTO brandl (brand) VALUES ('Vernel');
INSERT INTO brandl (brand) VALUES ('Verpoorten');
INSERT INTO brandl (brand) VALUES ('Vescovino');
INSERT INTO brandl (brand) VALUES ('Veuve Clicquot');
INSERT INTO brandl (brand) VALUES ('Via al Castello');
INSERT INTO brandl (brand) VALUES ('Viala');
INSERT INTO brandl (brand) VALUES ('Viba');
INSERT INTO brandl (brand) VALUES ('Vibasept');
INSERT INTO brandl (brand) VALUES ('Vignerons Propriétes Associés');
INSERT INTO brandl (brand) VALUES ('Vileda');
INSERT INTO brandl (brand) VALUES ('Villosa');
INSERT INTO brandl (brand) VALUES ('Vilsa');
INSERT INTO brandl (brand) VALUES ('Vinho Rose Portugal');
INSERT INTO brandl (brand) VALUES ('Vinovalie');
INSERT INTO brandl (brand) VALUES ('Vio');
INSERT INTO brandl (brand) VALUES ('Viss');
INSERT INTO brandl (brand) VALUES ('Vita');
INSERT INTO brandl (brand) VALUES ('Vitakraft');
INSERT INTO brandl (brand) VALUES ('Vitalp');
INSERT INTO brandl (brand) VALUES ('Vitamalz');
INSERT INTO brandl (brand) VALUES ('Vitrex');
INSERT INTO brandl (brand) VALUES ('Vittel');
INSERT INTO brandl (brand) VALUES ('Viva con Agua');
INSERT INTO brandl (brand) VALUES ('Vivaris');
INSERT INTO brandl (brand) VALUES ('Vivere');
INSERT INTO brandl (brand) VALUES ('Vivess');
INSERT INTO brandl (brand) VALUES ('Vivil');
INSERT INTO brandl (brand) VALUES ('Viña Albali');
INSERT INTO brandl (brand) VALUES ('Volvic');
INSERT INTO brandl (brand) VALUES ('Von Hier');
INSERT INTO brandl (brand) VALUES ('Vossko');
INSERT INTO brandl (brand) VALUES ('Vöslauer');
INSERT INTO brandl (brand) VALUES ('WC Frisch');
INSERT INTO brandl (brand) VALUES ('WC-Ente');
INSERT INTO brandl (brand) VALUES ('Waldkauz');
INSERT INTO brandl (brand) VALUES ('Wappenlese');
INSERT INTO brandl (brand) VALUES ('Warsteiner');
INSERT INTO brandl (brand) VALUES ('Wasa');
INSERT INTO brandl (brand) VALUES ('Wawi');
INSERT INTO brandl (brand) VALUES ('Weber');
INSERT INTO brandl (brand) VALUES ('Weetabix');
INSERT INTO brandl (brand) VALUES ('Wegenstein');
INSERT INTO brandl (brand) VALUES ('Weideglück');
INSERT INTO brandl (brand) VALUES ('Weight Watchers');
INSERT INTO brandl (brand) VALUES ('Weihenstephan');
INSERT INTO brandl (brand) VALUES ('Weingut Corvers-Kauter');
INSERT INTO brandl (brand) VALUES ('Weingut Dr. Bürklin-Wolf');
INSERT INTO brandl (brand) VALUES ('Weingut Fogt');
INSERT INTO brandl (brand) VALUES ('Weingut G.H. von Mumm');
INSERT INTO brandl (brand) VALUES ('Weingut Hauck');
INSERT INTO brandl (brand) VALUES ('Weingut Klundt');
INSERT INTO brandl (brand) VALUES ('Weingut Lorenz');
INSERT INTO brandl (brand) VALUES ('Weingut Lukas Kesselring');
INSERT INTO brandl (brand) VALUES ('Weingut Peth-Wetz');
INSERT INTO brandl (brand) VALUES ('Weingut Reh');
INSERT INTO brandl (brand) VALUES ('Weingut Scherner-Kleinhanß');
INSERT INTO brandl (brand) VALUES ('Weingut Strehn');
INSERT INTO brandl (brand) VALUES ('Weingut Weber');
INSERT INTO brandl (brand) VALUES ('Weizli');
INSERT INTO brandl (brand) VALUES ('Weißer Riese');
INSERT INTO brandl (brand) VALUES ('Welde');
INSERT INTO brandl (brand) VALUES ('Weleda');
INSERT INTO brandl (brand) VALUES ('Wella');
INSERT INTO brandl (brand) VALUES ('Weltgold');
INSERT INTO brandl (brand) VALUES ('Werder Feinkost');
INSERT INTO brandl (brand) VALUES ('Werner''s');
INSERT INTO brandl (brand) VALUES ('Wernesgrüner');
INSERT INTO brandl (brand) VALUES ('Wesergold');
INSERT INTO brandl (brand) VALUES ('West');
INSERT INTO brandl (brand) VALUES ('Westland');
INSERT INTO brandl (brand) VALUES ('Whiskas');
INSERT INTO brandl (brand) VALUES ('Wick');
INSERT INTO brandl (brand) VALUES ('Wicküler');
INSERT INTO brandl (brand) VALUES ('Wieninger');
INSERT INTO brandl (brand) VALUES ('Wiesbauer');
INSERT INTO brandl (brand) VALUES ('Wiesenhof');
INSERT INTO brandl (brand) VALUES ('Wilhelm Brandenburg');
INSERT INTO brandl (brand) VALUES ('Wilkinson');
INSERT INTO brandl (brand) VALUES ('Will Bräu');
INSERT INTO brandl (brand) VALUES ('Wilma');
INSERT INTO brandl (brand) VALUES ('Wilmersburger');
INSERT INTO brandl (brand) VALUES ('Wilthener');
INSERT INTO brandl (brand) VALUES ('Wiltmann');
INSERT INTO brandl (brand) VALUES ('Wingert Foods');
INSERT INTO brandl (brand) VALUES ('Winzer Krems');
INSERT INTO brandl (brand) VALUES ('Witor''s');
INSERT INTO brandl (brand) VALUES ('Wodka Gorbatschow');
INSERT INTO brandl (brand) VALUES ('Wojnar''s');
INSERT INTO brandl (brand) VALUES ('Wolfberger');
INSERT INTO brandl (brand) VALUES ('Wolfram Berge');
INSERT INTO brandl (brand) VALUES ('Wrigley''s');
INSERT INTO brandl (brand) VALUES ('Wurzener');
INSERT INTO brandl (brand) VALUES ('Wurzener Feingebäck');
INSERT INTO brandl (brand) VALUES ('Württemberger');
INSERT INTO brandl (brand) VALUES ('Yakult');
INSERT INTO brandl (brand) VALUES ('Yayla');
INSERT INTO brandl (brand) VALUES ('Yeni Raki');
INSERT INTO brandl (brand) VALUES ('Yo');
INSERT INTO brandl (brand) VALUES ('Yogi Tea');
INSERT INTO brandl (brand) VALUES ('Yogurette');
INSERT INTO brandl (brand) VALUES ('Yokebe');
INSERT INTO brandl (brand) VALUES ('Youcook');
INSERT INTO brandl (brand) VALUES ('Zabler');
INSERT INTO brandl (brand) VALUES ('Zamuner');
INSERT INTO brandl (brand) VALUES ('Zanetti');
INSERT INTO brandl (brand) VALUES ('Zendium');
INSERT INTO brandl (brand) VALUES ('Zentis');
INSERT INTO brandl (brand) VALUES ('Zewa');
INSERT INTO brandl (brand) VALUES ('Zimbo');
INSERT INTO brandl (brand) VALUES ('Zimmermann');
INSERT INTO brandl (brand) VALUES ('Zlatopramen');
INSERT INTO brandl (brand) VALUES ('Zonin');
INSERT INTO brandl (brand) VALUES ('Zott');
INSERT INTO brandl (brand) VALUES ('Zuivelhoeve');
INSERT INTO brandl (brand) VALUES ('Zum Dorfkrug');
INSERT INTO brandl (brand) VALUES ('Zweigelt');
INSERT INTO brandl (brand) VALUES ('[ yellow tail ]');
INSERT INTO brandl (brand) VALUES ('iChoc');
INSERT INTO brandl (brand) VALUES ('ja!');
INSERT INTO brandl (brand) VALUES ('just for you');
INSERT INTO brandl (brand) VALUES ('komet');
INSERT INTO brandl (brand) VALUES ('m&m''s');
INSERT INTO brandl (brand) VALUES ('o.b.');
INSERT INTO brandl (brand) VALUES ('Ölz');
INSERT INTO brandl (brand) VALUES ('Ültje');





